id,store_name,store_email,department,income,date_measured,country
1,"Cullen/Frost Bankers, Inc.",,Clothing,$54438554.24,4-2-2006,United States
2,Nordson Corporation,,Tools,$41744177.01,4-1-2006,United Kingdom
3,"Stag Industrial, Inc.",,Beauty,$36152340.34,12-9-2003,United States
4,FIRST REPUBLIC BANK,ecanadine3@fc2.com,Automotive,$8928350.04,8-5-2006,United Kingdom
5,Mercantile Bank Corporation,,Baby,$33552742.32,21-1-1973,United Kingdom
6,"Auburn National Bancorporation, Inc.",ccaldeyroux5@dion.ne.jp,Grocery,$69798987.04,19-9-1999,United Kingdom
7,"Interlink Electronics, Inc.",orodenborch6@skyrock.com,Garden,$22521052.79,8-6-2001,South Africa
8,"Tallgrass Energy Partners, LP",,Grocery,$54405380.40,16-9-1992,United Kingdom
9,Tronox Limited,,Outdoors,$99290004.13,11-1-1992,United States
10,"Synopsys, Inc.",lcancellieri9@tmall.com,Electronics,$44091294.62,11-7-2006,United Kingdom
11,"Hercules Capital, Inc.",,Beauty,$91009365.11,12-2-1994,Unknown
12,TrustCo Bank Corp NY,,Garden,$24853409.58,8-3-1993,United States
13,Canadian Pacific Railway Limited,,Electronics,$65184489.16,24-8-1966,Unknown
14,"Copart, Inc.",,Kids,$54371540.24,14-2-2005,South Africa
15,"Autoliv, Inc.",,Music,$25747934.59,15-1-1986,United Kingdom
16,New Home Company Inc. (The),nhinchcliffef@whitehouse.gov,Shoes,$90808764.99,21-4-1993,United Kingdom
17,First Financial Corporation Indiana,,Electronics,$26955392.71,20-8-2007,United Kingdom
18,Royal Bank Scotland plc (The),clernihanh@google.cn,Music,$2290913.13,22-11-2002,South Africa
19,Vulcan Materials Company,croxburghi@ed.gov,Health,$8888812.21,8-9-2009,United Kingdom
20,Methanex Corporation,bsussansj@google.es,,$20201805.61,7-4-2009,United Kingdom
21,Capitala Finance Corp.,,Clothing,$53247043.04,11-4-2009,United Kingdom
22,PowerShares S&P SmallCap Energy Portfolio,,Kids,$93408516.83,6-8-1998,United Kingdom
23,"Thor Industries, Inc.",,Industrial,$23189326.11,10-6-1993,United Kingdom
24,"Onconova Therapeutics, Inc.",,Movies,$2751890.91,10-9-2005,United Kingdom
25,Assured Guaranty Ltd.,,Jewelry,$41704053.97,8-8-2002,Unknown
26,Canadian Imperial Bank of Commerce,izanetellop@intel.com,Toys,$76415622.90,11-4-2006,United States
27,Black Hills Corporation,,Garden,$62498022.77,25-12-1969,South Africa
28,Novelion Therapeutics Inc. ,,Beauty,$52885296.66,13-3-2012,South Africa
29,"Synthetic Fixed-Income Securities, Inc.",,Jewelry,$95440266.37,8-7-2001,United Kingdom
30,"Marinus Pharmaceuticals, Inc.",cperviewt@accuweather.com,Home,$65709900.96,4-12-1996,United Kingdom
31,Ferroglobe PLC,volderu@yolasite.com,Outdoors,$17091915.76,23-2-1995,Unknown
32,Gladstone Commercial Corporation,,Jewelry,$35560625.69,17-3-1989,United Kingdom
33,"Mellanox Technologies, Ltd.",,,$76894243.13,11-4-2010,United Kingdom
34,American Outdoor Brands Corporation,,Toys,$3505941.60,9-9-1994,United Kingdom
35,"Paychex, Inc.",,Electronics,$15680466.33,25-8-2005,United Kingdom
36,American Campus Communities Inc,,Electronics,$39976625.15,19-1-2008,United Kingdom
37,"Citizens Financial Group, Inc.",dprimmer10@google.com,Movies,$68063757.74,5-2-2012,United Kingdom
38,AllianzGI Convertible & Income Fund II,zattenborough11@zdnet.com,Games,$75932149.61,21-6-2007,United States
39,"Mueller Industries, Inc.",,Movies,$43762308.69,23-9-2006,United Kingdom
40,First Potomac Realty Trust,bglossup13@usnews.com,Tools,$5665154.91,22-4-1997,South Africa
41,The Gabelli Healthcare & Wellness Trust,,Home,$7096977.36,19-6-1989,South Africa
42,"Ebix, Inc.",vsprigin15@hatena.ne.jp,Garden,$86041109.50,16-8-1994,United Kingdom
43,Torchmark Corporation,esliman16@amazon.de,Clothing,$74811428.77,23-2-2006,Unknown
44,Actua Corporation,,Automotive,$88923238.13,17-7-2011,United States
45,"Allied World Assurance Company Holdings, AG",kwestley18@odnoklassniki.ru,Kids,$29713982.25,2-12-1975,United Kingdom
46,SeaSpine Holdings Corporation,lwermerling19@icq.com,Health,$72510893.34,16-2-1995,United States
47,"Banco Latinoamericano de Comercio Exterior, S.A.",,Music,$57576442.70,12-9-2006,South Africa
48,First Trust NASDAQ Clean Edge Smart Grid Infrastructure Index ,,Garden,$77830854.66,21-2-2010,United Kingdom
49,WisdomTree Middle East Dividend Fund,,Garden,$6306471.67,25-7-1987,South Africa
50,"ChemoCentryx, Inc.",mrenny1d@hatena.ne.jp,Computers,$79009006.26,15-2-1989,South Africa
51,IQ Chaikin U.S. Small Cap ETF,,Beauty,$10746587.89,26-6-2004,South Africa
52,Textainer Group Holdings Limited,,Home,$61594948.18,3-1-1999,United Kingdom
53,"Brookline Bancorp, Inc.",bbruneton1g@dailymotion.com,Movies,$15708206.65,15-1-1997,United States
54,Christopher & Banks Corporation,,Toys,$63712978.44,14-2-2005,United States
55,"The Bon-Ton Stores, Inc.",,Tools,$54902950.68,9-6-1997,United Kingdom
56,Jensyn Acquistion Corp.,,Home,$10012452.97,25-4-1996,United Kingdom
57,"Northfield Bancorp, Inc.",,Baby,$15044289.80,8-7-2005,United Kingdom
58,Extra Space Storage Inc,,Health,$81459541.82,3-9-2009,United Kingdom
59,"CapStar Financial Holdings, Inc.",,Baby,$81245084.12,27-7-2010,South Africa
60,"Interpublic Group of Companies, Inc. (The)",olangan1n@barnesandnoble.com,Electronics,$3557559.32,2-11-1993,United States
61,LHC Group,hwestrey1o@jigsy.com,Jewelry,$28458081.44,18-8-1994,United Kingdom
62,"Alliance Holdings GP, L.P.",,Home,$59015579.18,4-3-1985,United States
63,JMU Limited,,Beauty,$79106483.07,27-11-2010,South Africa
64,"Cedar Realty Trust, Inc.",,Baby,$12463300.46,21-9-1990,United States
65,"Cavco Industries, Inc.",,Kids,$53771183.86,16-6-1998,United Kingdom
66,Capital City Bank Group,,Baby,$45712413.61,21-10-2003,South Africa
67,"Kratos Defense & Security Solutions, Inc.",okhomishin1u@oakley.com,Books,$78539919.99,18-5-2003,United Kingdom
68,The Intergroup Corporation,,Garden,$69900311.41,12-4-2006,South Africa
69,TransCanada Corporation,cdufaur1w@webs.com,Jewelry,$7246755.41,18-10-2006,United States
70,Amarin Corporation plc,djura1x@amazon.de,,$67286696.47,13-3-1993,South Africa
71,Belden Inc,kbevington1y@last.fm,Outdoors,$73846486.84,20-1-2004,United Kingdom
72,"Safeguard Scientifics, Inc.",,Automotive,$29756244.15,4-10-1997,South Africa
73,"Kirkland's, Inc.",,Clothing,$12621170.22,15-1-1970,United States
74,GasLog Partners LP,ttayt21@devhub.com,Outdoors,$65138567.40,2-6-2004,South Africa
75,Humana Inc.,,Sports,$13640139.45,16-2-2005,United Kingdom
76,"Everspin Technologies, Inc.",,Movies,$80755578.48,18-6-2011,United States
77,"Dr Pepper Snapple Group, Inc",danstee24@wix.com,Movies,$87768768.83,25-7-2012,United States
78,"AcelRx Pharmaceuticals, Inc.",hcrane25@addthis.com,Garden,$20404582.52,26-8-1978,South Africa
79,"Transcontinental Realty Investors, Inc.",,Computers,$43544199.56,27-4-2009,United Kingdom
80,Lennar Corporation,skahen27@forbes.com,Games,$46479031.19,27-2-2004,United Kingdom
81,"BeiGene, Ltd.",khow28@irs.gov,Toys,$74632262.36,21-8-2001,United Kingdom
82,FIRST REPUBLIC BANK,,Home,$98038007.79,8-9-1985,South Africa
83,Invacare Corporation,,Tools,$31671772.23,7-4-2008,United States
84,PBF Energy Inc.,,Home,$9183184.99,6-12-1978,United Kingdom
85,Tiptree Inc.,,Grocery,$21233771.08,4-5-2002,United States
86,Vulcan Materials Company,,Automotive,$57363630.56,1-12-1998,United States
87,"Extreme Networks, Inc.",npayton2e@howstuffworks.com,Toys,$13410134.84,11-6-2000,United Kingdom
88,"NextEra Energy, Inc.",,Beauty,$73816446.78,9-1-2012,United States
89,Mercer International Inc.,,Garden,$15711848.36,26-8-2007,United States
90,Salient Midstream & MLP Fund,cjory2h@gmpg.org,Books,$82554446.10,13-12-2002,United Kingdom
91,"Celadon Group, Inc.",,Movies,$68941482.21,12-5-1996,United States
92,"ALJ Regional Holdings, Inc.",,Grocery,$89368007.47,12-5-2000,United Kingdom
93,"Juniper Networks, Inc.",,Toys,$84405684.49,4-12-1992,South Africa
94,Novanta Inc.,glucia2l@deviantart.com,Beauty,$31563148.09,15-1-1998,South Africa
95,Triangle Capital Corporation,crodolf2m@ask.com,Tools,$23825679.54,22-12-1998,South Africa
96,Telecom Italia S.P.A.,,Toys,$61199426.97,3-12-2010,South Africa
97,Bank of America Corporation,zsussans2o@discuz.net,Automotive,$78947711.82,7-12-2006,South Africa
98,ON Semiconductor Corporation,dmcaneny2p@friendfeed.com,Outdoors,$856142.71,26-3-1963,United Kingdom
99,International Speedway Corporation,,Automotive,$91817502.46,23-10-2001,United States
100,Entegra Financial Corp.,gbowling2r@vimeo.com,Toys,$87400217.97,5-3-2002,United Kingdom
101,Abeona Therapeutics Inc.,tlammertz2s@google.es,Games,$57280965.64,11-7-2012,United States
102,"Poage Bankshares, Inc.",eshemming2t@tripadvisor.com,Sports,$27664852.63,9-2-2006,United States
103,"Vitamin Shoppe, Inc",,Games,$94385994.29,20-9-2001,South Africa
104,"Owens & Minor, Inc.",rshevell2v@odnoklassniki.ru,Outdoors,$14901499.68,26-9-2010,United Kingdom
105,Apache Corporation,,Clothing,$29670677.06,1-8-1984,United Kingdom
106,Bitauto Holdings Limited,,Home,$160042.27,6-3-1994,United Kingdom
107,First Trust High Income Long Short Fund,,Toys,$75397882.66,7-2-1998,United Kingdom
108,Thomson Reuters Corp,aciciotti2z@phpbb.com,Shoes,$75630073.35,10-6-2005,United Kingdom
109,WNS (Holdings) Limited,,Home,$16933435.84,1-8-2007,United Kingdom
110,Sherwin-Williams Company (The),mmenaul31@smugmug.com,Clothing,$1791354.11,21-1-1996,United Kingdom
111,Companhia de saneamento Basico Do Estado De Sao Paulo - Sabesp,rfilyakov32@springer.com,Toys,$24433244.97,20-8-1986,Unknown
112,Pacific Premier Bancorp Inc,,Games,$88521324.45,9-10-2009,South Africa
113,"Infinity Pharmaceuticals, Inc.",,Tools,$82226912.36,15-11-2010,Unknown
114,SPDR Dorsey Wright Fixed Income Allocation ETF,,Automotive,$17347616.14,16-8-2007,United Kingdom
115,"Hawaiian Holdings, Inc.",hbridel36@live.com,Movies,$56881548.31,14-11-1998,United Kingdom
116,Exterran Corporation,apetyankin37@google.es,Baby,$45080944.24,22-5-1999,United Kingdom
117,Westmoreland Coal Company,aroxbrough38@cnet.com,Grocery,$89647782.48,16-11-1984,United Kingdom
118,Altisource Portfolio Solutions S.A.,tventam39@tamu.edu,Sports,$1167739.52,11-1-1996,South Africa
119,Lloyds Banking Group Plc,abaskerville3a@jigsy.com,Jewelry,$27477323.90,11-6-1996,United Kingdom
120,Flowserve Corporation,bbertelet3b@bluehost.com,Games,$80179957.75,3-11-2006,United States
121,VelocityShares 3x Inverse Gold ETN,sknibbs3c@irs.gov,Games,$20989721.85,5-8-2011,United Kingdom
122,National General Holdings Corp,,Tools,$55429671.71,15-6-2008,United States
123,"Rollins, Inc.",,Health,$78536144.79,12-8-2000,United States
124,Horizons DAX Germany ETF,,Clothing,$86336821.26,19-4-2007,South Africa
125,Bank of America Corporation,mdidomenico3g@sakura.ne.jp,Outdoors,$48574873.55,8-7-1992,United Kingdom
126,"Prudential Financial, Inc.",,Tools,$80699446.04,15-4-2000,United Kingdom
127,Principal Healthcare Innovators Index ETF,apow3i@exblog.jp,Jewelry,$4178728.11,10-3-2008,United States
128,Universal Display Corporation,,Automotive,$89200581.72,27-4-1960,South Africa
129,Nuveen Michigan Quality Municipal Income Fund,,Music,$72066777.05,27-4-2002,United Kingdom
130,Lions Gate Entertainment Corporation,aakerman3l@yale.edu,Electronics,$61221308.53,21-11-2008,United States
131,Heico Corporation,,Music,$51839011.01,14-12-1999,South Africa
132,Corning Incorporated,,Electronics,$30278882.07,4-2-1993,Unknown
133,Credit Suisse AG,vmoss3o@amazon.de,Movies,$16836704.24,2-10-1993,United States
134,Kennametal Inc.,klargent3p@hibu.com,Industrial,$42925052.13,23-8-2007,South Africa
135,Nuveen Short Duration Credit Opportunities Fund,dofficer3q@chron.com,Electronics,$45159215.74,25-1-1988,United States
136,Federal Realty Investment Trust,,Automotive,$78795437.61,16-3-2003,South Africa
137,F.N.B. Corporation,,Health,$56816841.96,4-8-1988,United Kingdom
138,Quinpario Acquisition Corp. 2,,Baby,$61384136.07,14-2-1996,United States
139,"Marcus & Millichap, Inc.",,Electronics,$43995798.14,23-1-2004,United Kingdom
140,"Entergy Louisiana, Inc.",,Music,$13963032.66,22-2-1992,South Africa
141,"DSP Group, Inc.",aallawy3w@sciencedirect.com,Shoes,$23170196.45,19-3-1995,United Kingdom
142,Bank of America Corporation,,Sports,$1853075.58,20-2-2006,United Kingdom
143,Energous Corporation,,Electronics,$4467770.23,17-8-2007,United Kingdom
144,Investors Real Estate Trust,bsieur3z@toplist.cz,Sports,$81142637.75,21-7-1986,United Kingdom
145,"Midland States Bancorp, Inc.",,Outdoors,$25211071.68,10-9-2010,South Africa
146,"Diplomat Pharmacy, Inc.",ecausier41@amazon.de,Music,$95620377.66,26-11-2008,South Africa
147,Discover Financial Services,mmccreagh42@netlog.com,Baby,$55198695.75,25-6-1984,United States
148,Amedica Corporation,,Outdoors,$45967485.13,3-10-2009,United Kingdom
149,"Concert Pharmaceuticals, Inc.",dbenzi44@reddit.com,Automotive,$26545775.37,14-12-1995,United Kingdom
150,"Aberdeen Japan Equity Fund, Inc. ",mmadrell45@drupal.org,Kids,$90760328.08,14-10-1997,South Africa
151,"Assurant, Inc.",sbare46@netscape.com,Electronics,$48527857.37,6-4-1990,South Africa
152,Noodles & Company,adavidsson47@imageshack.us,,$40609743.80,1-5-2011,United States
153,Nuveen New York Municipal Value Fund 2,,Clothing,$23488727.10,13-2-1995,Unknown
154,"PB Bancorp, Inc.",tdoppler49@cpanel.net,Computers,$85852566.40,5-9-2002,South Africa
155,"Cidara Therapeutics, Inc.",vconti4a@cpanel.net,Tools,$8711880.58,6-10-1994,South Africa
156,FIRST REPUBLIC BANK,dglasscoo4b@hao123.com,Grocery,$90684137.82,12-9-2000,United States
157,Invesco Credit Opportunities Fund,bbanghe4c@cbc.ca,Kids,$43274196.01,16-9-2007,Unknown
158,Cimpress N.V,,Garden,$13179663.99,27-12-2003,United Kingdom
159,"Stericycle, Inc.",,Outdoors,$53872201.90,18-1-1994,South Africa
160,SCIENCE APPLICATIONS INTERNATIONAL CORPORATION,mbardell4f@people.com.cn,Kids,$18425995.58,27-2-1999,South Africa
161,Nevro Corp.,,Clothing,$3677980.65,2-8-2006,United States
162,Vanguard Intermediate -Term Government Bond ETF,,Electronics,$56580921.34,9-2-1990,South Africa
163,Heritage Financial Corporation,,Jewelry,$86458506.24,3-1-2007,South Africa
164,"Conn's, Inc.",,Shoes,$48585592.95,27-5-1995,South Africa
165,"Home Bancorp, Inc.",,Outdoors,$90098060.11,21-6-1978,United Kingdom
166,Amdocs Limited,,Shoes,$34840754.86,1-5-2000,South Africa
167,Prana Biotechnology Ltd,,Music,$11378622.77,3-5-2005,United Kingdom
168,"GoPro, Inc.",,Jewelry,$37112543.49,3-9-2008,Unknown
169,"Spok Holdings, Inc.",,Shoes,$17101356.97,25-8-1992,United Kingdom
170,iShares MSCI EAFE Small-Cap ETF,,Industrial,$5760890.24,7-3-2003,United States
171,"Acasti Pharma, Inc.",emannock4q@etsy.com,Health,$22240472.33,12-10-2005,United States
172,General Cable Corporation,jmacilurick4r@netlog.com,Clothing,$17157586.44,12-7-2002,United Kingdom
173,Janus Henderson Small Cap Growth Alpha ETF,,Games,$1115820.58,8-12-1994,South Africa
174,Illinois Tool Works Inc.,vmcillroy4t@hatena.ne.jp,Sports,$17114493.35,7-5-2007,South Africa
175,DarioHealth Corp.,,Beauty,$79500696.42,9-8-2009,South Africa
176,"LightInTheBox Holding Co., Ltd.",livanichev4v@smh.com.au,Industrial,$43321277.55,12-9-1992,United Kingdom
177,"ABIOMED, Inc.",sbraney4w@naver.com,,$141522.34,15-11-2005,United Kingdom
178,"AmTrust Financial Services, Inc.",egawler4x@nationalgeographic.com,Computers,$11790929.66,16-11-2012,United Kingdom
179,eGain Corporation,,Tools,$29700935.25,26-12-1992,United Kingdom
180,"Xenia Hotels & Resorts, Inc.",agobel4z@hatena.ne.jp,Jewelry,$71848937.39,13-1-2008,South Africa
181,PowerShares S&P SmallCap Financials Portfolio,,Kids,$43122133.45,6-7-2002,South Africa
182,"ViaSat, Inc.",kivanyukov51@squarespace.com,Health,$70349873.83,22-7-1987,United Kingdom
183,NovoCure Limited,,Garden,$95476651.47,7-9-1999,United Kingdom
184,"Selective Insurance Group, Inc.",,Music,$9641831.29,17-2-2000,United States
185,Credit Suisse AG,aivanikov54@house.gov,Tools,$89203199.22,12-7-2009,United Kingdom
186,Anworth Mortgage Asset  Corporation,,Jewelry,$66373505.81,13-10-1979,United Kingdom
187,Nuveen Insured California Select Tax-Free Income Portfolio,,Grocery,$62414167.57,5-12-2006,South Africa
188,"Veracyte, Inc.",,Games,$35333288.96,9-5-1999,United States
189,PureFunds ETFx HealthTech ETF,,Home,$92683333.26,16-9-1995,South Africa
190,Companhia Brasileira de Distribuicao,,Industrial,$65863090.56,12-12-2001,United States
191,Actua Corporation,,Computers,$93822176.07,2-8-1995,United Kingdom
192,Chemed Corp.,,Industrial,$29891441.13,10-7-1997,United Kingdom
193,"Tower International, Inc.",,Music,$17607137.54,2-2-2013,United States
194,Cognizant Technology Solutions Corporation,,Shoes,$50865269.56,9-7-2008,United States
195,The Carlyle Group L.P.,jouchterlony5e@cnet.com,Kids,$79250741.94,5-12-1986,United Kingdom
196,"P & F Industries, Inc.",,Shoes,$19285527.87,24-7-2002,United States
197,"BancorpSouth, Inc.",,Tools,$74913147.02,18-10-2002,South Africa
198,Xperi Corporation,,Automotive,$15989885.34,17-12-2010,South Africa
199,Agrium Inc.,,Outdoors,$36905259.52,18-1-2006,United States
200,EXFO Inc,ssemerad5j@list-manage.com,Grocery,$9436329.07,16-7-2000,United Kingdom
201,"Texas Capital Bancshares, Inc.",,Outdoors,$78190419.71,26-5-1991,South Africa
202,Immuron Limited,lderrick5l@chicagotribune.com,Beauty,$66799626.75,10-1-1994,United States
203,"Ambarella, Inc.",,Baby,$14384553.05,12-6-2001,United Kingdom
204,Western Asset/Claymore U.S. Treasury Inflation Prot Secs Fd,groles5n@histats.com,Grocery,$76757108.46,4-6-2009,United Kingdom
205,DSW Inc.,hlambrechts5o@nih.gov,Books,$15338266.25,24-7-1997,South Africa
206,"Raven Industries, Inc.",,Toys,$94682705.52,5-1-2006,United Kingdom
207,ECA Marcellus Trust I,,Kids,$62620448.49,4-4-1999,United Kingdom
208,Concord Medical Services Holdings Limited,,Sports,$76908385.47,9-4-2000,United Kingdom
209,Shenandoah Telecommunications Co,,Electronics,$32566341.84,17-11-1986,United States
210,"Avid Technology, Inc.",ntuckley5t@earthlink.net,Baby,$52155716.33,11-2-2002,Unknown
211,"SPX FLOW, Inc.",,Outdoors,$29494755.83,16-3-1992,South Africa
212,"Ascena Retail Group, Inc.",,Games,$73301159.69,4-1-2011,South Africa
213,Public Storage,,Books,$12766955.79,16-8-1997,South Africa
214,"Provident Financial Services, Inc",,Grocery,$35478970.33,19-5-2007,Unknown
215,"Ardelyx, Inc.",,Toys,$98561372.98,18-12-1995,United States
216,"Enviva Partners, LP",,Sports,$84614286.16,19-2-1992,United Kingdom
217,Citigroup Inc.,rvern60@mozilla.com,Books,$89488923.52,1-9-2010,United Kingdom
218,"China HGS Real Estate, Inc.",,Toys,$32678110.91,11-3-2006,United States
219,"Analog Devices, Inc.",,Computers,$22323759.98,6-1-1963,United States
220,Oil-Dri Corporation Of America,,Games,$15055607.42,12-7-2007,United Kingdom
221,Investors Real Estate Trust,,Baby,$7611085.91,13-6-2006,United Kingdom
222,Silver Run Acquisition Corporation II,,Computers,$2837235.38,13-7-2002,United States
223,"United Fire Group, Inc",dhartzogs66@gnu.org,Movies,$15910820.03,16-12-2005,United States
224,CHS Inc,lesmead67@aboutads.info,Baby,$26787437.53,8-11-1994,United Kingdom
225,"Fidelity National Financial, Inc.",,Toys,$79468617.68,4-7-1995,United Kingdom
226,Foresight Autonomous Holdings Ltd.,,Automotive,$53012480.56,14-9-1997,United Kingdom
227,IZEA Inc.,otrayte6a@constantcontact.com,Baby,$77507114.76,18-2-1994,United States
228,"Asta Funding, Inc.",,Beauty,$97039022.99,10-1-2011,South Africa
229,Babcock,,Outdoors,$64263388.11,9-3-2005,United Kingdom
230,Salesforce.com Inc,,Books,$96439419.55,26-3-1999,United States
231,Titan Machinery Inc.,knelthorp6e@microsoft.com,Electronics,$86254526.30,18-9-2010,South Africa
232,Tredegar Corporation,jfattori6f@sourceforge.net,Electronics,$7864945.03,8-4-1990,South Africa
233,Origo Acquisition Corporation,,Garden,$1728016.32,5-1-1992,United Kingdom
234,"TJX Companies, Inc. (The)",,Music,$34235905.20,8-5-1997,United States
235,"Cellectar Biosciences, Inc.",kfowells6i@networkadvertising.org,Shoes,$99964688.01,12-7-2004,United Kingdom
236,"AngioDynamics, Inc.",apetto6j@va.gov,Tools,$90724852.27,19-10-2005,United Kingdom
237,Tidewater Inc.,,Clothing,$91237701.42,8-4-2002,United States
238,"Owens-Illinois, Inc.",,Sports,$18609827.64,12-3-2000,United Kingdom
239,THL Credit Senior Loan Fund,aacock6m@merriam-webster.com,Jewelry,$83653032.19,2-11-1986,South Africa
240,"North American Energy Partners, Inc.",bdow6n@biglobe.ne.jp,Garden,$16076794.10,26-4-2001,United States
241,Vanguard Mortgage-Backed Securities ETF,smctavy6o@godaddy.com,Shoes,$38718310.61,4-5-2009,United Kingdom
242,Farmers National Banc Corp.,dstuchburie6p@google.co.jp,Electronics,$34350743.70,13-4-2009,South Africa
243,"Barnes & Noble, Inc.",,Health,$53485703.63,21-7-2011,Unknown
244,"Huaneng Power International, Inc.",,Music,$21644854.74,13-7-1995,United Kingdom
245,Territorial Bancorp Inc.,,Books,$46826939.95,26-3-2007,United Kingdom
246,Gladstone Commercial Corporation,,Toys,$43100751.23,18-6-2011,United States
247,iShares S&P/Citigroup International Treasury Bond Fund,rhackett6u@ed.gov,Health,$99099942.62,23-6-2010,United Kingdom
248,Medallion Financial Corp.,dpillifant6v@4shared.com,Jewelry,$64537013.88,12-11-2005,United States
249,RLI Corp.,,Industrial,$39618461.51,15-12-2011,United States
250,"Myers Industries, Inc.",,Industrial,$14627366.66,15-3-2010,United Kingdom
251,"Emerald Expositions Events, Inc.",cderoos6y@google.fr,Health,$56721357.78,19-12-1992,United Kingdom
252,WashingtonFirst Bankshares Inc,,Jewelry,$299538.23,21-6-1997,United Kingdom
253,"CRA International,Inc.",hpebworth70@amazon.de,Baby,$47467259.25,21-1-1998,United Kingdom
254,PowerShares S&P SmallCap Financials Portfolio,bludman71@oaic.gov.au,Baby,$3093239.26,2-11-1996,South Africa
255,"aTyr Pharma, Inc.",iroache72@theatlantic.com,Electronics,$35739018.00,24-1-2004,South Africa
256,Gramercy Property Trust,daulton73@fastcompany.com,Baby,$8044227.73,4-12-2004,United Kingdom
257,Nuveen Credit Opportunities 2022 Target Term Fund,bferneyhough74@xrea.com,Sports,$36908240.52,23-3-1999,United Kingdom
258,"Beasley Broadcast Group, Inc.",nbolstridge75@sourceforge.net,Tools,$10921888.92,18-7-1990,South Africa
259,"Winnebago Industries, Inc.",,Industrial,$93979378.36,1-3-2002,Unknown
260,"Validus Holdings, Ltd.",ajenno77@go.com,Books,$47628341.82,12-12-2000,United States
261,PICO Holdings Inc.,nhartop78@symantec.com,Electronics,$11900748.53,17-9-2001,United States
262,"J. Jill, Inc.",awhanstall79@blog.com,Games,$95232579.34,21-4-1999,South Africa
263,Caesarstone Ltd.,,Home,$90545858.00,2-12-1991,United Kingdom
264,"ACI Worldwide, Inc.",,Baby,$15520365.27,17-1-1995,United States
265,Azul S.A.,ccullagh7c@census.gov,Sports,$93261905.48,13-2-1998,Unknown
266,Vanguard Russell 1000 Value ETF,,Beauty,$58595676.93,18-1-1992,United Kingdom
267,Sears Canada Inc. ,,Industrial,$35739445.53,6-11-1993,United States
268,KraneShares CSI China Internet ETF,ckarpman7f@nih.gov,Movies,$62374602.62,25-1-1992,South Africa
269,Bank of America Corporation,,Industrial,$94184600.58,23-3-1991,South Africa
270,Ark Restaurants Corp.,,Clothing,$58876962.00,23-2-2003,United States
271,West Corporation,kcandey7i@epa.gov,Health,$48817493.63,6-2-1986,Unknown
272,Weingarten Realty Investors,dtremaine7j@dailymotion.com,Beauty,$693436.41,18-11-2001,United Kingdom
273,"SGOCO Group, Ltd",,Grocery,$44064118.41,27-7-2003,United States
274,"VASCO Data Security International, Inc.",amatys7l@sitemeter.com,Sports,$39520896.36,26-10-2007,United Kingdom
275,"Gray Television, Inc.",,Games,$80288079.25,6-1-1994,United Kingdom
276,MidSouth Bancorp,eslocumb7n@narod.ru,Clothing,$3326844.64,26-12-2004,United Kingdom
277,"Chipotle Mexican Grill, Inc.",wrolfs7o@netvibes.com,Home,$53638450.93,8-1-2008,United States
278,CSRA Inc.,,Garden,$1134704.26,6-4-2000,South Africa
279,Atomera Incorporated,,Movies,$22851944.46,6-7-1997,South Africa
280,"BCE, Inc.",,Electronics,$12744409.82,15-9-2005,United States
281,AllianceBernstein Holding L.P.,dcartmell7s@economist.com,Books,$46829603.20,20-10-2007,United States
282,Nuveen Global High Income Fund,skinman7t@mail.ru,Automotive,$40616606.32,5-4-2002,United Kingdom
283,Bank of America Corporation,mdibben7u@miitbeian.gov.cn,Health,$79341506.08,10-9-2002,United Kingdom
284,"J.B. Hunt Transport Services, Inc.",,Outdoors,$54166771.86,1-2-2006,South Africa
285,Mylan N.V.,aprint7w@icio.us,Shoes,$13818030.98,24-12-2008,South Africa
286,Nutraceutical International Corporation,hyelding7x@blogger.com,Sports,$29676892.07,24-4-2002,United Kingdom
287,Westmoreland Coal Company,,Clothing,$24994117.83,22-2-2005,United States
288,1st Constitution Bancorp (NJ),,Clothing,$79140976.55,1-6-1998,South Africa
289,"TriState Capital Holdings, Inc.",,Garden,$8752678.25,2-1-2006,South Africa
290,Community West Bancshares,,Movies,$93527468.74,24-11-1995,South Africa
291,Enterprise Bancorp Inc,,Kids,$18238390.99,11-8-2000,Unknown
292,National General Holdings Corp,cmauvin83@chron.com,Beauty,$56084351.23,13-9-1987,United States
293,"StealthGas, Inc.",,Computers,$25936422.93,4-9-2003,United Kingdom
294,Rosetta Stone,,Health,$37729619.94,26-4-1998,United Kingdom
295,"Patterson-UTI Energy, Inc.",,Grocery,$74157450.75,27-12-2003,South Africa
296,Blackrock Enhanced Equity Dividend Trust,kprattin87@unc.edu,Computers,$8410018.41,20-12-1999,United Kingdom
297,Ciner Resources LP,,Industrial,$43665957.57,7-3-2012,United Kingdom
298,Franklin Covey Company,,Computers,$86605044.25,12-4-1996,United States
299,"Euronet Worldwide, Inc.",,Health,$76733762.90,3-3-2005,United States
300,"Viking Therapeutics, Inc.",lrupke8b@techcrunch.com,Jewelry,$74800439.59,13-6-2000,South Africa
301,Arch Capital Group Ltd.,jarran8c@admin.ch,Tools,$64061519.97,26-7-1999,United Kingdom
302,South State Corporation,,Outdoors,$21832651.07,3-11-1993,South Africa
303,Monotype Imaging Holdings Inc.,,Shoes,$83036573.09,19-5-2013,United Kingdom
304,"HFF, Inc.",cmckeney8f@eventbrite.com,Games,$33164032.35,18-9-1994,South Africa
305,"Jounce Therapeutics, Inc.",,Tools,$75432344.88,4-10-1995,United Kingdom
306,Bank of America Corporation,qfotherby8h@whitehouse.gov,Movies,$63909544.62,20-10-2002,South Africa
307,Unico American Corporation,,,$53265907.45,11-6-1994,United Kingdom
308,First Internet Bancorp,ckaret8j@etsy.com,Health,$62626848.64,13-4-2003,United Kingdom
309,Mobile TeleSystems OJSC,,Outdoors,$55107648.52,14-11-1996,South Africa
310,"Spirit Realty Capital, Inc.",bfulham8l@census.gov,Movies,$83383020.78,17-9-1988,United Kingdom
311,3D Systems Corporation,,Jewelry,$57428327.05,20-1-1995,Unknown
312,Tennessee Valley Authority,,Shoes,$51518536.03,15-10-1997,United Kingdom
313,Microchip Technology Incorporated,,Shoes,$58605715.07,11-4-2001,United States
314,Semtech Corporation,,Health,$53853258.11,9-8-2010,Unknown
315,"Aemetis, Inc",,Outdoors,$43377228.43,23-11-2001,United Kingdom
316,"Lexicon Pharmaceuticals, Inc.",,,$52352073.31,5-11-2005,Unknown
317,Brixmor Property Group Inc.,,Computers,$45168953.12,22-1-2007,United States
318,Gladstone Commercial Corporation,wrogers8t@unesco.org,Automotive,$77747734.05,22-4-1988,United States
319,Belmond Ltd.,,Home,$20867127.12,11-1-1999,South Africa
320,"EastGroup Properties, Inc.",hiannazzi8v@ask.com,Home,$44636687.53,9-4-2008,Unknown
321,Dynatronics Corporation,pbarthot8w@nature.com,Home,$34463473.90,4-8-1991,United Kingdom
322,"Eleven Biotherapeutics, Inc.",jrambadt8x@ebay.co.uk,Electronics,$43943571.43,19-12-2004,United Kingdom
323,"Virtu Financial, Inc.",bkennion8y@timesonline.co.uk,Home,$24827655.34,15-1-2005,Unknown
324,Cabot Microelectronics Corporation,,Games,$4881195.82,12-1-1988,United Kingdom
325,Gladstone Investment Corporation,,Shoes,$19933912.46,23-4-2011,Unknown
326,Internap Corporation,,Music,$5784490.01,13-4-2000,United States
327,"THL Credit, Inc.",ependergrast92@newyorker.com,Toys,$36378835.83,17-6-1998,United Kingdom
328,Ramco-Gershenson Properties Trust,ekewzick93@imdb.com,Health,$74813585.49,25-3-1993,South Africa
329,"CoStar Group, Inc.",,Electronics,$6800811.25,12-2-1992,South Africa
330,Oxford Immunotec Global PLC,glamond95@themeforest.net,Computers,$55792920.28,8-5-2008,South Africa
331,Euroseas Ltd.,kbirdis96@goo.gl,Games,$94297519.86,7-1-2004,United States
332,Anchor Bancorp,,Kids,$42191630.16,26-2-1995,Unknown
333,Cathay General Bancorp,,Movies,$2860608.38,26-6-2009,United States
334,Gladstone Commercial Corporation,,Games,$36801484.55,7-6-1996,South Africa
335,"Archrock Partners, L.P.",rpaolone9a@bbb.org,Garden,$69153558.01,19-10-1989,United Kingdom
336,"NantKwest, Inc.",,Shoes,$72474431.32,11-5-2004,South Africa
337,WisdomTree Emerging Markets Corporate Bond Fund,,Music,$51335581.09,9-6-2002,Unknown
338,Assured Guaranty Ltd.,jmaccrie9d@hubpages.com,Outdoors,$48254103.47,12-8-1994,Unknown
339,Quest Resource Holding Corporation.,mweatherill9e@fotki.com,Computers,$80517867.67,12-1-2011,United Kingdom
340,"BankUnited, Inc.",mbamlett9f@jalbum.net,Games,$76352778.44,8-3-2006,Unknown
341,Franco-Nevada Corporation,,Movies,$53620653.62,8-12-2003,United Kingdom
342,Fang Holdings Limited,ldesorts9h@theatlantic.com,Industrial,$95632107.33,17-3-2003,United Kingdom
343,Urstadt Biddle Properties Inc.,,Computers,$67307275.59,14-11-1986,South Africa
344,Validea Market Legends ETF,,Industrial,$41200857.86,13-5-2002,United States
345,"KMG Chemicals, Inc.",,Music,$47767315.32,10-1-1995,South Africa
346,"America Movil, S.A.B. de C.V.",kberi9l@howstuffworks.com,Baby,$55459846.70,20-11-1979,United Kingdom
347,"Bridgepoint Education, Inc.",,Baby,$84766272.58,25-2-1996,United Kingdom
348,iStar Financial Inc.,,Toys,$47420832.54,20-6-1996,United Kingdom
349,Bristol-Myers Squibb Company,lphilipsen9o@addthis.com,,$43693391.96,27-9-2011,South Africa
350,Abbott Laboratories,,Games,$8582829.93,21-9-2002,Unknown
351,PowerShares DWA Consumer Cyclicals Momentum Portfolio,lhanselmann9q@archive.org,Books,$99724824.84,3-3-2001,South Africa
352,"Morgan Stanley Emerging Markets Debt Fund, Inc.",,Baby,$10711895.07,4-11-1999,Unknown
353,Center Coast MLP & Infrastructure Fund,,Grocery,$67202226.04,23-12-1997,United States
354,"CoreLogic, Inc.",ssollam9t@spotify.com,,$27268360.76,21-3-2009,South Africa
355,"Determine, Inc. ",,Shoes,$94498247.28,5-11-2003,United Kingdom
356,Morgan Stanley,,Outdoors,$76549550.49,21-11-1987,Unknown
357,Peabody Energy Corporation,,Shoes,$90567885.67,15-11-1993,United Kingdom
358,Walt Disney Company (The),djacombs9x@bluehost.com,Garden,$2743540.48,5-12-1999,United States
359,"Ares Dynamic Credit Allocation Fund, Inc.",,Music,$6977538.73,23-10-2012,South Africa
360,Innospec Inc.,,Kids,$67586090.47,15-5-2010,United States
361,"PS Business Parks, Inc.",,Beauty,$39772292.74,11-2-2008,United Kingdom
362,"Sonic Foundry, Inc.",ydurbera1@posterous.com,Automotive,$54563064.26,21-8-1988,South Africa
363,"Sabra Healthcare REIT, Inc.",,Music,$432300.67,16-3-2006,United States
364,Arch Capital Group Ltd.,,Games,$91869140.82,6-9-1993,United States
365,STRATS Trust,dgartona4@storify.com,Games,$39538825.39,24-11-1987,United States
366,"Teladoc, Inc.",,Baby,$47441517.50,25-1-2005,United States
367,Hanmi Financial Corporation,,Garden,$83852091.39,15-1-1994,South Africa
368,"Under Armour, Inc.",,Home,$67950481.35,2-2-2010,South Africa
369,FlexShares US Quality Large Cap Index Fund,,Clothing,$87484694.40,15-5-1993,South Africa
370,Navient Corporation,wgrimmera9@home.pl,Automotive,$20007131.08,7-9-2011,South Africa
371,CyberArk Software Ltd.,amawtusaa@nature.com,Movies,$63948129.39,18-11-2006,Unknown
372,"Badger Meter, Inc.",,Industrial,$62502777.69,13-4-2001,United States
373,Citigroup Inc.,,Baby,$46334843.90,4-9-2008,United States
374,"Versartis, Inc.",,Health,$48754395.04,15-7-1986,United Kingdom
375,Invitae Corporation,,Health,$2385987.81,5-4-2013,United States
376,Thomson Reuters Corp,smadreaf@jigsy.com,Shoes,$51547468.95,26-7-2008,United States
377,BlackRock Credit Allocation Income Trust,,Electronics,$19430942.93,2-2-1986,Unknown
378,ENGlobal Corporation,,Jewelry,$39426002.39,18-9-2004,United States
379,Prudential Public Limited Company,sfaggai@un.org,Health,$8899682.01,14-10-2009,United Kingdom
380,"Stag Industrial, Inc.",,Automotive,$96231012.11,24-10-2012,United States
381,Omega Protein Corporation,,Music,$1254974.99,25-2-2002,South Africa
382,"Yatra Online, Inc.",,Music,$53337613.23,4-11-2005,United Kingdom
383,Newfield Exploration Company,lcrispinam@ft.com,Electronics,$60988323.08,23-12-2003,South Africa
384,"Dime Community Bancshares, Inc.",,Tools,$34550715.23,20-10-2002,Unknown
385,"The Habit Restaurants, Inc.",,Outdoors,$67090265.09,14-7-2011,United Kingdom
386,iStar Financial Inc.,,Tools,$90913925.87,9-6-2007,United Kingdom
387,Westport Fuel Systems Inc,sbaileaq@dmoz.org,Movies,$24506673.97,1-7-2009,United States
388,Capital One Financial Corporation,,Music,$96324950.45,8-9-2008,United States
389,"Alliance One International, Inc.",lavonas@elpais.com,Computers,$67605258.34,3-10-2007,South Africa
390,Nuveen AMT-Free Municipal Value Fund,,Clothing,$13651757.37,25-6-2005,United States
391,"Intercept Pharmaceuticals, Inc.",cpaulinau@ihg.com,Grocery,$63929559.51,22-7-1996,United Kingdom
392,Akari Therapeutics Plc,,Outdoors,$56914044.09,13-3-1997,United States
393,500.com Limited,,Shoes,$29681328.65,25-6-2009,South Africa
394,"VeriSign, Inc.",,Shoes,$26493800.30,17-7-2001,United Kingdom
395,Silver Run Acquisition Corporation II,,Computers,$58529265.04,23-7-1996,United Kingdom
396,"CEVA, Inc.",crackhamaz@uol.com.br,Outdoors,$73581982.02,5-6-1998,United Kingdom
397,Colgate-Palmolive Company,,Electronics,$56683211.07,10-3-2009,South Africa
398,"DXP Enterprises, Inc.",,Garden,$90905400.51,10-2-2012,United Kingdom
399,"Gilead Sciences, Inc.",cconstantb2@cdbaby.com,Beauty,$85257269.02,5-1-2011,South Africa
400,"Freeport-McMoran, Inc.",eproomb3@google.ru,Kids,$990770.32,6-12-1979,United Kingdom
401,"ABAXIS, Inc.",bniceb4@wikimedia.org,Health,$89050088.78,11-7-2003,United States
402,Hess Corporation,,Electronics,$97791907.02,16-6-2011,United Kingdom
403,"Sigma Labs, Inc.",,Garden,$81931559.97,4-12-1993,United States
404,Blackrock Muni New York Intermediate Duration Fund Inc,,Games,$83584004.94,26-8-2010,United States
405,BB&T Corporation,,Baby,$42144698.02,11-7-2010,United Kingdom
406,"Hartford Financial Services Group, Inc. (The)",mpriggb9@theatlantic.com,Garden,$37333038.58,23-6-2002,South Africa
407,Novanta Inc.,flabernba@sina.com.cn,Kids,$27104361.17,23-11-1999,United Kingdom
408,"GTT Communications, Inc.",,Movies,$82216383.24,7-12-2009,South Africa
409,"Identiv, Inc.",jstairsbc@jalbum.net,Grocery,$84127848.79,22-11-2007,United States
410,First Trust Nasdaq Bank ETF,,Industrial,$59140844.44,25-4-1992,South Africa
411,"Sun Communities, Inc.",,Clothing,$76243188.51,22-12-1998,United Kingdom
412,"Autoliv, Inc.",jjanikowskibf@upenn.edu,Games,$82614516.67,24-3-1997,United States
413,Peregrine Pharmaceuticals Inc.,,Electronics,$85606001.41,21-7-2012,United States
414,Gazit-Globe Ltd.,pchampneybh@examiner.com,Beauty,$39350686.88,25-1-2010,United Kingdom
415,Crawford & Company,tcassiebi@gov.uk,,$17634383.17,18-12-1955,United States
416,First Trust RiverFront Dynamic Asia Pacific ETF,,Electronics,$81540278.86,14-9-2000,United Kingdom
417,Petroquest Energy Inc,krenisonbk@google.it,Automotive,$22376665.50,9-10-2004,United Kingdom
418,Visteon Corporation,,Toys,$72521232.31,11-4-1998,United Kingdom
419,Severn Bancorp Inc,senderlebm@stanford.edu,Baby,$63712482.78,1-4-2010,South Africa
420,Ryerson Holding Corporation,,Industrial,$86246464.11,20-6-2004,United States
421,"Citizens Community Bancorp, Inc.",bmelodybo@mtv.com,Books,$81928069.85,8-9-1988,United States
422,Nuveen Credit Opportunities 2022 Target Term Fund,,Electronics,$35573309.87,10-12-2005,United Kingdom
423,SodaStream International Ltd.,,Kids,$92344214.07,26-7-2011,United States
424,Arrow DWA Tactical ETF,ddewburybr@springer.com,Movies,$55999156.12,18-12-2010,South Africa
425,"Oncobiologics, Inc.",flamplughbs@seattletimes.com,Movies,$63617297.65,24-12-1986,Unknown
426,Central European Media Enterprises Ltd.,,Games,$72480258.52,15-11-2006,South Africa
427,"Teradyne, Inc.",svinterbu@etsy.com,Outdoors,$36033927.24,19-7-1985,Unknown
428,CafePress Inc.,cmitkovbv@cmu.edu,Grocery,$39817211.48,17-3-2004,United Kingdom
429,"J. Jill, Inc.",ccleavesbw@skyrock.com,Garden,$15667776.83,1-8-2012,United States
430,Matlin & Partners Acquisition Corporation,dwaddellbx@oaic.gov.au,Home,$92281411.45,7-10-1994,United Kingdom
431,STRATS Trust,bhansfordby@npr.org,Home,$70733735.23,18-4-1991,United Kingdom
432,"Leidos Holdings, Inc.",,Music,$80610031.56,2-5-2007,Unknown
433,First Trust Emerging Markets Local Currency Bond ETF,,Music,$41617429.15,5-8-2003,South Africa
434,Cytori Therapeutics Inc,,Home,$81765101.86,8-10-1994,United Kingdom
435,"Inovalon Holdings, Inc.",djoec2@patch.com,Music,$58626972.96,10-10-2012,United Kingdom
436,Loncar Cancer Immunotherapy ETF,rguerrac3@paypal.com,Health,$73288225.94,27-12-2006,South Africa
437,Ivy High Income Opportunities Fund,abeateyc4@google.co.uk,Baby,$24602681.13,20-7-2002,United Kingdom
438,"Flexion Therapeutics, Inc.",,Clothing,$85929355.01,7-10-1993,South Africa
439,"Dycom Industries, Inc.",lalanc6@youtube.com,Toys,$22680767.78,14-12-1997,South Africa
440,"Manhattan Bridge Capital, Inc",gantonichc7@github.com,Tools,$73914356.13,12-11-2008,United States
441,Black Hills Corporation,,Clothing,$86628547.85,8-9-2008,South Africa
442,Tractor Supply Company,conionsc9@newsvine.com,Garden,$4932150.74,12-2-1992,United Kingdom
443,Zynga Inc.,jesherwoodca@reference.com,Home,$68278866.04,2-6-2009,South Africa
444,"BofI Holding, Inc.",,Electronics,$24821516.95,14-2-1993,South Africa
445,"Ballard Power Systems, Inc.",,Games,$42150233.56,3-2-2013,United States
446,Severn Bancorp Inc,lbuckleycd@github.com,Outdoors,$26415974.61,7-6-1997,Unknown
447,"Entergy Arkansas, Inc.",abarkece@nih.gov,Baby,$49841739.91,5-3-2012,United States
448,"DSP Group, Inc.",ztrethowancf@blinklist.com,Games,$35803334.12,8-5-2009,South Africa
449,"Ardelyx, Inc.",ksterleycg@so-net.ne.jp,Kids,$28583474.36,12-1-2001,United Kingdom
450,Autohome Inc.,eoxborrowch@google.it,Movies,$9260392.95,12-7-1998,Unknown
451,Helen of Troy Limited,swhitelockci@t-online.de,Sports,$51201193.50,17-5-1994,United Kingdom
452,iPath US Treasury 2-year Bear ETN,sschoenfischcj@ifeng.com,Electronics,$46454837.66,1-10-2009,South Africa
453,Seadrill Limited,rsaccock@indiegogo.com,Jewelry,$99684443.71,3-8-2009,United Kingdom
454,The9 Limited,,Garden,$82532957.06,24-9-2007,South Africa
455,"Union Bankshares, Inc.",wmeiklejohncm@purevolume.com,Music,$1687659.65,23-9-2011,United Kingdom
456,"Sandy Spring Bancorp, Inc.",,Home,$31560745.61,13-6-1984,United Kingdom
457,Polaris Industries Inc.,mrickasseco@opensource.org,Music,$70267468.55,14-4-2001,United States
458,EnteroMedics Inc.,,Shoes,$30381657.10,8-10-1993,United Kingdom
459,Regency Centers Corporation,,Clothing,$36821779.84,17-1-2003,South Africa
460,Voya Emerging Markets High Income Dividend Equity Fund,clunacr@uol.com.br,Health,$84444767.63,25-5-1993,South Africa
461,"Meritor, Inc.",,,$66660288.69,27-4-1986,United States
462,Vanguard Short-Term Corporate Bond ETF,wridolfoct@multiply.com,Outdoors,$63246837.45,3-3-2007,Unknown
463,Cousins Properties Incorporated,,Movies,$78845980.06,22-6-2009,United Kingdom
464,"Aeglea BioTherapeutics, Inc.",,Games,$44955720.21,9-1-2005,United States
465,"SMART Global Holdings, Inc.",,Grocery,$55795892.46,26-6-1990,South Africa
466,Duff & Phelps Select Energy MLP Fund Inc.,,Automotive,$49993456.97,26-10-2007,United Kingdom
467,"Fogo de Chao, Inc.",,Beauty,$11680728.11,21-10-1986,South Africa
468,Greif Bros. Corporation,,Electronics,$52987233.50,8-6-2003,United Kingdom
469,"Duff & Phelps Utilities Income, Inc.",ppenvarned0@arizona.edu,Movies,$31111822.54,11-5-2008,Unknown
470,"CGI Group, Inc.",,Tools,$25161615.95,17-9-1994,United Kingdom
471,Valley National Bancorp,epottelld2@psu.edu,Health,$94499303.10,19-5-1992,South Africa
472,"Rexford Industrial Realty, Inc.",,Grocery,$71765202.63,18-6-2003,South Africa
473,DRDGOLD Limited,dcunninghamd4@icq.com,Grocery,$90094318.13,10-6-2010,United Kingdom
474,"Continental Resources, Inc.",,Toys,$22584604.03,3-12-2010,Unknown
475,Pointer Telocation Ltd.,,Kids,$31485544.02,17-2-1996,United Kingdom
476,Atento S.A.,,Outdoors,$14339952.15,11-3-1993,United Kingdom
477,National General Holdings Corp,,Shoes,$25432217.48,8-6-2002,South Africa
478,"Franklin Resources, Inc.",,Health,$72547397.77,16-6-2006,United States
479,"Penumbra, Inc.",,Shoes,$95564502.11,4-9-2012,United States
480,Elkhorn Commodity Rotation Strategy ETF,,Tools,$8066234.49,2-10-1992,United Kingdom
481,"Luxoft Holding, Inc.",tdecroixdc@whitehouse.gov,Books,$43895941.02,15-7-2004,Unknown
482,Monster Beverage Corporation,,Toys,$91086841.21,16-4-1993,United States
483,"Civista Bancshares, Inc. ",jmandrierde@dailymotion.com,Toys,$21823198.87,15-3-2001,United Kingdom
484,Nuveen Credit Opportunities 2022 Target Term Fund,zmauserdf@istockphoto.com,Toys,$90969435.66,7-5-1961,United Kingdom
485,RH,ggiuriodg@oaic.gov.au,Industrial,$78273152.34,15-5-1994,United Kingdom
486,Terreno Realty Corporation,,Movies,$818576.98,13-5-1987,South Africa
487,"Hartford Financial Services Group, Inc. (The)",gmaddrelldi@amazon.co.jp,,$46899085.23,4-7-1999,United States
488,"SGOCO Group, Ltd",,Grocery,$33104749.15,15-2-1997,Unknown
489,Hallador Energy Company,paronstamdk@cbc.ca,Games,$57519417.04,14-4-2012,United Kingdom
490,"Mota Group, Inc.",,Automotive,$27520478.04,15-5-2006,United Kingdom
491,Sunrun Inc.,,Clothing,$8437652.21,24-10-2006,South Africa
492,Abeona Therapeutics Inc.,,Shoes,$73949253.64,20-7-2012,United States
493,Medovex Corp.,,Electronics,$60505250.98,19-12-2007,United Kingdom
494,"Points International, Ltd.",jadnetdp@bizjournals.com,Health,$88990837.32,3-8-2011,United Kingdom
495,"Bellicum Pharmaceuticals, Inc.",,Home,$60609967.62,13-7-1992,United States
496,"NantKwest, Inc.",,Shoes,$65053580.42,15-2-2001,United Kingdom
497,Comp En De Mn Cemig ADS,cmckinlessds@posterous.com,Beauty,$56126615.67,24-11-1994,South Africa
498,"Aware, Inc.",,Industrial,$3265105.35,12-2-1989,South Africa
499,iShares Morningstar Mid-Cap ETF,,Computers,$58852571.71,26-5-2009,United States
500,"Sequential Brands Group, Inc.",,Books,$45076926.88,27-8-2009,South Africa
501,"Retrophin, Inc.",dricharsondw@shareasale.com,Books,$62242104.36,23-5-2005,Unknown
502,"SunOpta, Inc.",kinchbalddx@friendfeed.com,Baby,$1248670.38,3-10-2013,South Africa
503,Ion Geophysical Corporation,sjanneydy@sitemeter.com,Books,$6978303.54,16-3-1996,United Kingdom
504,B Communications Ltd.,gpashleydz@odnoklassniki.ru,Garden,$2188777.78,1-12-1985,United Kingdom
505,Costamare Inc.,,Health,$87084707.70,25-4-2012,United Kingdom
506,"HMN Financial, Inc.",facklande1@w3.org,Jewelry,$63460851.80,12-9-2011,South Africa
507,"Spirit Aerosystems Holdings, Inc.",hamblere2@google.it,Toys,$16052906.94,26-10-2009,United Kingdom
508,"Advanced Drainage Systems, Inc.",cpolkinhorne3@tripod.com,Books,$84397976.14,13-9-1999,United States
509,"Energizer Holdings, Inc.",,Books,$86943014.30,16-10-1999,United Kingdom
510,Univar Inc.,,Movies,$87444364.18,9-7-1995,South Africa
511,"FleetCor Technologies, Inc.",,Baby,$46086095.35,21-9-1999,United Kingdom
512,China Distance Education Holdings Limited,,Health,$42312729.49,26-7-1986,United Kingdom
513,Alliance World Dollar Government Fund II,,Computers,$49156402.87,4-12-2010,United Kingdom
514,Flaherty & Crumrine Preferred Income Opportunity Fund Inc,svonoertzene9@illinois.edu,Home,$14658818.55,11-6-1995,South Africa
515,"Aware, Inc.",mheinleinea@usnews.com,Music,$96453644.49,22-5-2002,South Africa
516,"FBL Financial Group, Inc.",,Movies,$55128045.62,1-12-1992,United Kingdom
517,Northwest Natural Gas Company,,Clothing,$23085865.87,21-4-2009,United Kingdom
518,"MFA Financial, Inc.",,Sports,$98088260.11,25-10-2000,United Kingdom
519,"J. W. Mays, Inc.",vhurworthee@ocn.ne.jp,Kids,$93482777.26,27-11-2011,United States
520,"Mota Group, Inc.",,Games,$37809654.82,23-5-2002,United Kingdom
521,First Trust Enhanced Short Maturity ETF,crobbeneg@deviantart.com,Sports,$38719213.88,1-5-2003,United States
522,BRF S.A.,,Music,$47250413.30,10-8-2005,Unknown
523,Navios Maritime Midstream Partners LP,emulvaghei@weather.com,Garden,$9323069.30,23-3-1992,South Africa
524,Northwest Pipe Company,lcastelijnej@noaa.gov,Electronics,$41479197.24,9-9-2010,United States
525,"Agios Pharmaceuticals, Inc.",,Computers,$55072469.93,24-3-2005,South Africa
526,Aetna Inc.,,Garden,$73267363.93,8-4-2008,South Africa
527,"One Liberty Properties, Inc.",,Books,$94485932.05,23-12-2006,United Kingdom
528,"Avangrid, Inc.",,Baby,$41396357.38,3-6-1986,United Kingdom
529,Zions Bancorporation,,Grocery,$71060008.83,11-9-1998,South Africa
530,"Plantronics, Inc.",nbembrickep@angelfire.com,Clothing,$16202928.67,10-4-1990,South Africa
531,"Bassett Furniture Industries, Incorporated",,Games,$32516901.46,16-11-2000,United States
532,John Hancock Investors Trust,,Beauty,$30499525.33,22-12-2009,United Kingdom
533,Alphabet Inc.,kflecknelles@yandex.ru,Outdoors,$58694511.51,4-11-2006,United Kingdom
534,Yangtze River Development Limited,lmargramet@wikispaces.com,Electronics,$49155108.68,7-10-1993,United Kingdom
535,Abeona Therapeutics Inc.,nmordineu@bigcartel.com,Baby,$9541913.26,23-6-1992,Unknown
536,"Web.com Group, Inc.",,Computers,$98721845.06,26-12-2003,United States
537,MSA Safety Incorporporated,zfollanew@wired.com,,$68120165.99,8-8-1995,South Africa
538,Leaf Group Ltd.,,Beauty,$28045318.14,5-1-1997,South Africa
539,First Trust SSI Strategic Convertible Securities ETF,,Home,$94838333.87,9-2-2007,United Kingdom
540,"Diversified Restaurant Holdings, Inc.",,Games,$45352963.12,8-2-2005,United States
541,"China Biologic Products, Inc.",aenochssonf0@usnews.com,,$5486512.74,10-5-1985,United Kingdom
542,"Penumbra, Inc.",,Games,$42803202.25,7-11-2004,United Kingdom
543,Brookfield DTLA Inc.,,Health,$45464145.37,6-8-2002,United Kingdom
544,Mercury Systems Inc,,Shoes,$45713786.18,24-10-2007,South Africa
545,Vanguard Short-Term Inflation-Protected Securities Index Fund,,Industrial,$86329237.68,25-1-1992,South Africa
546,Morgan Stanley,agarrf5@usnews.com,Health,$19821689.09,10-6-2008,United States
547,"Timberland Bancorp, Inc.",gguestf6@wikimedia.org,Home,$4128451.79,7-5-2000,United Kingdom
548,Forum Merger Corporation,,Health,$6738658.77,20-5-2008,South Africa
549,Internet Gold Golden Lines Ltd.,acushf8@blogger.com,Games,$26787447.78,22-2-2002,United Kingdom
550,B.O.S. Better Online Solutions,,Clothing,$3324226.64,18-3-2008,United Kingdom
551,"ClubCorp Holdings, Inc.",,Music,$61068304.95,1-12-1994,United Kingdom
552,Cabot Corporation,,Garden,$22969240.19,15-10-2008,United States
553,Procter & Gamble Company (The),,Jewelry,$94265739.38,14-5-2006,United Kingdom
554,"Poage Bankshares, Inc.",kfranekfd@ycombinator.com,Outdoors,$7978306.82,17-12-2002,Unknown
555,"Ever-Glory International Group, Inc.",,Electronics,$53419275.17,20-9-1992,United Kingdom
556,"NextEra Energy, Inc.",,Industrial,$60398835.53,1-8-1990,United States
557,Terreno Realty Corporation,,Baby,$17061957.01,11-2-1986,United Kingdom
558,"Core-Mark Holding Company, Inc.",disoldifh@imdb.com,Tools,$10616665.82,9-11-1993,United Kingdom
559,"Hortonworks, Inc.",,Tools,$66767251.58,20-7-2011,United Kingdom
560,"Caladrius Biosciences, Inc.",,Movies,$68859713.32,9-3-1993,United Kingdom
561,NGL ENERGY PARTNERS LP,afossefk@goodreads.com,Shoes,$48335174.17,4-11-2003,United Kingdom
562,The Spectranetics Corporation,,Baby,$51742731.00,8-12-2009,United States
563,"Mid-America Apartment Communities, Inc.",grainvillefm@dot.gov,,$54111634.40,10-3-2007,United States
564,"Big Lots, Inc.",ldimanchefn@hugedomains.com,,$74759916.06,22-3-2003,United Kingdom
565,Perrigo Company,cellicottfo@blogtalkradio.com,Grocery,$59613132.58,18-7-2003,United States
566,Manulife Financial Corp,zpartonfp@is.gd,Toys,$95677722.19,2-7-2007,United Kingdom
567,NQ Mobile Inc.,,Tools,$67018348.37,14-11-2003,United Kingdom
568,"Blackrock MuniYield California Insured Fund, Inc.",,,$1173601.40,6-7-2004,South Africa
569,"Invuity, Inc.",dscanefs@go.com,Industrial,$45212715.68,10-6-2007,United States
570,"ChemoCentryx, Inc.",,Beauty,$30468068.89,8-9-1997,United Kingdom
571,"Centennial Resource Development, Inc.",,Garden,$24004618.43,15-6-2005,South Africa
572,"PayPal Holdings, Inc.",nruburyfv@networksolutions.com,Books,$97368462.31,11-10-1980,United States
573,VCA Inc. ,frollofw@nyu.edu,Electronics,$95556635.70,2-7-2010,Unknown
574,Viavi Solutions Inc.,,Tools,$67358721.47,24-1-1991,United Kingdom
575,Kearny Financial,ckleinmintzfy@qq.com,Garden,$27601482.83,19-9-2005,South Africa
576,Natl Westminster Pfd,,Computers,$1171441.63,24-5-2005,South Africa
577,"Colony Bankcorp, Inc.",dchesherg0@google.co.uk,Games,$98538144.41,1-11-2004,United Kingdom
578,"Green Brick Partners, Inc.",,Kids,$79533528.16,18-1-1984,United Kingdom
579,Ducommun Incorporated,,Computers,$49413368.58,15-9-1994,South Africa
580,AU Optronics Corp,,Kids,$73500349.22,15-7-2007,South Africa
581,Newtek Business Services Corp.,,Grocery,$49011256.61,15-1-1996,United Kingdom
582,Banco Bradesco Sa,ccellig5@cafepress.com,Automotive,$18195567.09,4-8-2010,United Kingdom
583,"CBIZ, Inc.",,Movies,$57415915.53,19-6-2009,United Kingdom
584,"CoreCivic, Inc.",hboddiceg7@shareasale.com,Shoes,$36840104.25,1-1-2009,United Kingdom
585,"SolarEdge Technologies, Inc.",amcguffieg8@census.gov,Beauty,$11195059.91,22-7-2009,United Kingdom
586,Gladstone Commercial Corporation,cbernardellig9@123-reg.co.uk,Toys,$54309369.24,7-2-2002,South Africa
587,"Comfort Systems USA, Inc.",,Music,$1639844.32,24-11-2011,United Kingdom
588,"Soleno Therapeutics, Inc.",,Beauty,$77341140.69,4-1-2004,United Kingdom
589,Bank of the Ozarks,,Games,$20046414.42,22-9-2002,South Africa
590,"SilverSun Technologies, Inc.",,Shoes,$43490983.14,9-5-2012,South Africa
591,Voya Asia Pacific High Dividend Equity Income Fund,,Baby,$61451107.00,18-2-1997,United Kingdom
592,"Goldman Sachs Group, Inc. (The)",,Toys,$22960181.87,16-2-2004,South Africa
593,"Aerohive Networks, Inc.",,Toys,$31534215.29,6-1-1993,United Kingdom
594,"Trupanion, Inc.",,Jewelry,$27033829.13,15-1-1998,South Africa
595,"Texas Capital Bancshares, Inc.",,Industrial,$77265744.42,12-10-1995,South Africa
596,"Caleres, Inc.",,Kids,$95826679.22,27-4-2002,Unknown
597,Jewett-Cameron Trading Company,bcahillanegk@berkeley.edu,Toys,$68369041.28,16-1-2008,Unknown
598,MediWound Ltd.,,Computers,$92397143.06,19-6-2000,United Kingdom
599,Adamis Pharmaceuticals Corporation,kaisbettgm@state.tx.us,Grocery,$5297486.30,2-3-2001,United States
600,RAIT Financial Trust,ddytegn@elegantthemes.com,Books,$51098612.08,23-7-1995,Unknown
601,"Pioneer Power Solutions, Inc.",cbillsberrygo@github.io,Computers,$9056715.24,25-6-2006,United Kingdom
602,"The Meet Group, Inc.",fandrejevicgp@tmall.com,Books,$15357900.49,11-10-2000,United Kingdom
603,Cenveo Inc,,Health,$29172781.87,17-9-1990,United States
604,RAIT Financial Trust,,Grocery,$79969332.99,6-11-2009,United Kingdom
605,Nuveen Credit Opportunities 2022 Target Term Fund,,Computers,$86575786.23,5-3-2005,South Africa
606,"Euronet Worldwide, Inc.",kramsteadgt@merriam-webster.com,Kids,$27186846.62,1-7-2010,United Kingdom
607,Chemical Financial Corporation,bswindengu@cargocollective.com,Kids,$49330594.20,21-9-2010,United Kingdom
608,Envision Healthcare Corporation,,Tools,$54748318.18,7-6-2012,United Kingdom
609,"Customers Bancorp, Inc",,Movies,$48728478.91,27-8-2011,United States
610,J P Morgan Chase & Co,hpellergx@weibo.com,Jewelry,$80503800.84,20-9-1994,United Kingdom
611,PowerShares S&P SmallCap Financials Portfolio,vgallegosgy@addtoany.com,Shoes,$13099915.74,17-11-1996,South Africa
612,Cone Midstream Partners LP,iivshingz@nydailynews.com,Games,$72208967.35,19-6-2010,United Kingdom
613,First United Corporation,,Games,$78275774.55,13-12-2006,South Africa
614,"Cullen/Frost Bankers, Inc.",gdeatonh1@shinystat.com,Kids,$69653720.82,14-1-1995,South Africa
615,"HomeStreet, Inc.",,Games,$12111889.17,20-3-2003,United Kingdom
616,"Roper Technologies, Inc.",mdavidaih3@hud.gov,Home,$31590427.55,27-5-2011,South Africa
617,Nuveen California AMT-Free Quality Municipal Income Fund,ctwycrossh4@e-recht24.de,Outdoors,$17920457.60,22-6-2007,United States
618,Geron Corporation,,Beauty,$50457011.25,15-2-2012,United Kingdom
619,"TechTarget, Inc.",,Kids,$17920526.84,3-12-1994,South Africa
620,"NN, Inc.",,Automotive,$45588265.84,25-9-1985,United Kingdom
621,"Argos Therapeutics, Inc.",,Outdoors,$22042376.65,5-9-1995,United Kingdom
622,Voya Global Equity Dividend and Premium Opportunity Fund,,Beauty,$38871870.65,15-9-2008,United Kingdom
623,Milacron Holdings Corp.,,Beauty,$2442969.24,22-1-1988,United Kingdom
624,"Greenlight Reinsurance, Ltd.",nshanahanhb@yahoo.co.jp,Books,$20855777.90,21-11-2009,United Kingdom
625,YY Inc.,rmaletratthc@sourceforge.net,Baby,$50910485.64,27-7-2004,United States
626,"Gabelli Convertible and Income Securities Fund, Inc. (The)",,Automotive,$82661570.27,9-3-1994,United Kingdom
627,First Trust MLP and Energy Income Fund,ttatershallhe@sfgate.com,Music,$97407247.94,14-11-2005,United Kingdom
628,"Recon Technology, Ltd.",gbarriballhf@blogspot.com,Games,$70608365.55,3-3-2011,United Kingdom
629,Kansas City Southern,,Kids,$13205536.35,8-2-2009,United Kingdom
630,Kansas City Southern,lmassimihh@nasa.gov,Outdoors,$25754365.91,19-4-2012,United Kingdom
631,Deutsche Bank AG,,Garden,$56629549.36,19-7-2007,United Kingdom
632,"Juniper Pharmaceuticals, Inc.",,Health,$55278075.26,19-11-2004,United Kingdom
633,"National Bankshares, Inc.",,Health,$31076405.67,24-12-2001,United Kingdom
634,"Chembio Diagnostics, Inc.",ekennifickhl@foxnews.com,Grocery,$59117612.78,4-8-1991,United States
635,"Social Reality, Inc.",zhaughtonhm@adobe.com,Grocery,$25278913.71,15-9-2001,United Kingdom
636,"Sigma Labs, Inc.",ldovingtonhn@ed.gov,Movies,$59074195.55,20-11-1998,United States
637,Pitney Bowes Inc.,hcysterho@lulu.com,Toys,$31454781.07,7-11-1998,United States
638,IDEX Corporation,jbraccihp@psu.edu,Home,$224505.51,3-6-2005,United States
639,Western Asset Global Corporate Defined Opportunity Fund Inc.,mhirthehq@gravatar.com,Kids,$75411127.16,22-3-2008,South Africa
640,Bill Barrett Corporation,houtridgehr@bloglovin.com,Health,$48265851.41,2-3-1992,South Africa
641,"The Bon-Ton Stores, Inc.",,Sports,$6484000.74,8-4-2001,South Africa
642,"PCM, Inc.",,Tools,$43730977.02,19-6-1992,South Africa
643,Empresa Distribuidora Y Comercializadora Norte S.A. (Edenor),,Shoes,$48061653.08,25-6-1984,South Africa
644,GasLog Partners LP,,Baby,$35006819.85,11-1-2009,United Kingdom
645,STRATS Trust,,Automotive,$93675682.93,19-9-1998,United States
646,Agree Realty Corporation,colivohx@purevolume.com,Tools,$69519886.57,5-9-2009,Unknown
647,ENDRA Life Sciences Inc.,,Home,$51778175.83,15-9-2002,United Kingdom
648,Lsb Industries Inc.,,Baby,$58267075.79,10-9-2006,South Africa
649,"Bio-Rad Laboratories, Inc.",esumptoni0@feedburner.com,Jewelry,$40398296.97,23-6-2010,United Kingdom
650,Chicago Bridge & Iron Company N.V.,,Beauty,$15221755.57,14-7-1994,United States
651,Berkshire Hathaway Inc.,,Automotive,$61808159.06,7-6-1999,United States
652,"First Cash, Inc.",,Jewelry,$1833779.41,13-8-1994,United Kingdom
653,B Communications Ltd.,,Industrial,$67606372.64,13-8-2013,South Africa
654,"Rigel Pharmaceuticals, Inc.",elightwingi5@tuttocitta.it,,$10083918.19,23-5-1994,United States
655,"Sabra Healthcare REIT, Inc.",broji6@kickstarter.com,Games,$66582091.67,18-2-1995,United Kingdom
656,Owens Corning Inc,dwozencrofti7@amazon.co.jp,Kids,$12661763.74,15-10-2005,United Kingdom
657,"Second Sight Medical Products, Inc.",,Tools,$77933928.15,26-3-2008,United States
658,Seaspan Corporation,,Outdoors,$39166002.09,12-1-1994,South Africa
659,KNOT Offshore Partners LP,lsonia@printfriendly.com,Outdoors,$52427018.52,9-4-2006,Unknown
660,"Polar Power, Inc.",,,$95961724.16,16-10-2006,United States
661,AllianzGI Diversified Income & Convertible Fund,,Shoes,$10559764.50,16-4-2005,United States
662,"First US Bancshares, Inc.",dgreensteadid@cnet.com,Beauty,$16169424.13,14-6-2011,United States
663,Tenaris S.A.,,Computers,$35841191.07,7-2-2010,United States
664,Southern Company (The),ebrabantif@stumbleupon.com,,$52714073.41,2-4-2006,United Kingdom
665,"Orexigen Therapeutics, Inc.",gbiaggiig@mayoclinic.com,Baby,$76936369.05,17-10-2008,Unknown
666,Kansas City Southern,bmenciih@wsj.com,Computers,$63060925.60,20-6-2011,South Africa
667,Telecom Italia S.P.A.,khitzkeii@php.net,Books,$91903437.30,5-12-1993,United States
668,Waters Corporation,fcantrellij@engadget.com,Toys,$10339708.40,14-3-2005,South Africa
669,"SiteOne Landscape Supply, Inc.",,Beauty,$99824285.67,18-10-2000,South Africa
670,Marathon Oil Corporation,,Health,$52830814.00,6-4-2009,South Africa
671,"FormFactor, Inc.",,Grocery,$22738256.82,9-1-1993,South Africa
672,DCP Midstream LP,,Shoes,$48352837.20,17-5-2011,Unknown
673,VictoryShares US Large Cap High Div Volatility Wtd ETF,,Books,$60477630.51,24-7-2006,South Africa
674,Ultra Petroleum Corp.,,Sports,$70833470.05,21-10-1998,United Kingdom
675,Protective Life Corporation,,Outdoors,$96711796.24,17-2-2011,Unknown
676,Milacron Holdings Corp.,,Health,$43272675.23,8-4-1996,United Kingdom
677,"Nature's Sunshine Products, Inc.",bfieldingis@sbwire.com,,$24290508.51,10-9-1997,United Kingdom
678,Trans World Entertainment Corp.,zlapidesit@delicious.com,Garden,$84415832.29,13-12-1993,Unknown
679,MS Structured Asset Corp Saturns GE Cap Corp Series 2002-14,,Outdoors,$7424057.79,21-11-2009,South Africa
680,"Identiv, Inc.",mlindleyiv@free.fr,Jewelry,$82761744.81,18-2-1996,United Kingdom
681,OUTFRONT Media Inc.,,Kids,$93504450.94,21-4-1998,United Kingdom
682,"Archrock Partners, L.P.",,Garden,$58181112.58,25-8-2010,United States
683,Hillenbrand Inc,,Games,$3658777.75,24-6-2010,United Kingdom
684,Genpact Limited,,Automotive,$1503757.84,18-10-2009,United Kingdom
685,Nuveen High Income December 2019 Target Term Fund,byeomanj0@prweb.com,Grocery,$81497824.21,17-10-2011,South Africa
686,"Paratek Pharmaceuticals, Inc. ",,Beauty,$82447821.94,6-4-2007,South Africa
687,Barings Corporate Investors,,Garden,$93519381.15,8-10-1999,Unknown
688,Alere Inc.,,Automotive,$85662399.72,25-7-1995,South Africa
689,"CAS Medical Systems, Inc.",tfuncheonj4@over-blog.com,Health,$15620839.69,1-5-2007,South Africa
690,Quotient Limited,,Computers,$7049436.10,21-7-2010,South Africa
691,"Global Net Lease, Inc.",dbagottj6@barnesandnoble.com,Toys,$40902426.44,9-4-2005,United Kingdom
692,Sanchez Energy Corporation,,Computers,$66092085.11,19-4-2007,United States
693,"Cidara Therapeutics, Inc.",adrewettj8@ebay.com,Grocery,$23145401.90,27-11-1964,United Kingdom
694,Ardmore Shipping Corporation,llongthornj9@alibaba.com,Kids,$13436532.87,8-1-2003,United Kingdom
695,"Sprott Focus Trust, Inc.",gbachnicja@europa.eu,Books,$43730826.02,22-4-1988,United States
696,"AquaBounty Technologies, Inc.",,,$70448762.81,25-12-1987,United Kingdom
697,Perion Network Ltd,clardierjc@nature.com,Books,$54339893.74,14-11-2008,Unknown
698,"Crown Crafts, Inc.",,Baby,$81586432.45,26-3-2006,South Africa
699,BancFirst Corporation,aparmanje@senate.gov,Toys,$21927226.87,15-5-2004,South Africa
700,Washington Prime Group Inc.,rbarrarjf@bloomberg.com,Games,$20296681.32,15-1-2006,United Kingdom
701,"Colony NorthStar, Inc.",,Garden,$98701420.10,20-12-1999,South Africa
702,"TPI Composites, Inc.",roldjh@pbs.org,Baby,$5358407.07,15-4-2011,United Kingdom
703,"Soleno Therapeutics, Inc.",lbrinsonji@seattletimes.com,Shoes,$44855197.93,1-2-1990,United Kingdom
704,"Williams-Sonoma, Inc.",,Computers,$87085141.33,2-9-2000,United Kingdom
705,"Merit Medical Systems, Inc.",,Movies,$45903442.19,13-1-2011,United Kingdom
706,Blackrock MuniYield Pennsylvania Quality Fund,pmatussevichjl@house.gov,Tools,$96050490.52,8-10-2010,United Kingdom
707,American Homes 4 Rent,,Books,$74284210.31,20-7-1992,Unknown
708,"O'Reilly Automotive, Inc.",,Shoes,$94563194.98,17-12-2007,South Africa
709,"MS Income Securities, Inc.",wmcilwainejo@gmpg.org,Clothing,$89301484.16,22-11-1998,United States
710,Physicians Realty Trust,,Industrial,$87661989.47,11-2-1999,United Kingdom
711,"TG Therapeutics, Inc.",,Games,$76470041.47,19-10-1997,United Kingdom
712,First Foundation Inc.,,Garden,$5315250.04,23-12-2000,United States
713,Blackrock MuniYield Pennsylvania Quality Fund,kbulcroftjs@sina.com.cn,Clothing,$92866084.60,5-11-2002,United Kingdom
714,Trillium Therapeutics Inc.,,Books,$95454235.25,26-6-2003,United States
715,Abbott Laboratories,nsullerju@w3.org,Outdoors,$5493814.04,15-2-2011,United Kingdom
716,Investors Real Estate Trust,kjaunceyjv@drupal.org,Tools,$63112357.13,5-11-2008,United Kingdom
717,"Autoliv, Inc.",,Beauty,$14125110.95,11-6-2008,United States
718,"Diamond Hill Investment Group, Inc.",,Garden,$17575865.36,4-9-1996,United Kingdom
719,"P & F Industries, Inc.",,Outdoors,$30850239.64,1-11-1993,South Africa
720,iStar Financial Inc.,,Shoes,$48040569.16,8-5-2011,United States
721,ENDRA Life Sciences Inc.,rridulfok0@buzzfeed.com,Sports,$58612406.25,16-6-1988,South Africa
722,ROBO Global Robotics and Automation Index ETF,cstockdalek1@histats.com,Shoes,$2802185.55,14-10-2003,United Kingdom
723,Blackrock MuniYield Investment QualityFund,,Home,$19921356.04,18-11-2005,United Kingdom
724,Graham Holdings Company,kcroisierk3@github.io,Baby,$87321630.61,2-4-2008,United Kingdom
725,"CalAtlantic Group, Inc.",,Baby,$79520758.43,16-2-2005,United Kingdom
726,"Empire State Realty Trust, Inc.",,Grocery,$62661446.94,27-8-2010,United States
727,"China Commercial Credit, Inc.",,Automotive,$94100266.73,2-8-1992,United Kingdom
728,Caesars Acquisition Company,,,$95632799.40,18-3-2003,United Kingdom
729,JetBlue Airways Corporation,,Computers,$90967436.32,13-7-2010,United Kingdom
730,"FTI Consulting, Inc.",,Tools,$78800047.00,24-6-2009,United States
731,WisdomTree Western Asset Unconstrained Bond Fund,,Beauty,$88512191.45,7-11-2007,United States
732,"SORL Auto Parts, Inc.",cgolleykb@bing.com,Clothing,$2327783.09,11-2-2003,Unknown
733,"Provident Bancorp, Inc.",gbrumheadkc@devhub.com,Beauty,$36796357.37,7-9-2001,South Africa
734,Norwegian Cruise Line Holdings Ltd.,,Games,$51542694.90,15-1-1984,United Kingdom
735,"Twenty-First Century Fox, Inc.",,Sports,$3152882.63,13-8-2011,United Kingdom
736,"SunOpta, Inc.",,Garden,$91466933.33,23-9-2005,United Kingdom
737,"NeoGenomics, Inc.",,Clothing,$5666339.92,15-3-2010,South Africa
738,Baltimore Gas & Electric Company,,Jewelry,$9292193.26,21-12-2012,United Kingdom
739,Kayne Anderson Energy Development Company,,Shoes,$8613724.31,14-2-2011,United Kingdom
740,REX American Resources Corporation,,Jewelry,$41175628.30,8-12-1996,Unknown
741,Janus Henderson Small/Mid Cap Growth Alpha ETF,,Jewelry,$18711457.80,14-1-2008,United Kingdom
742,"Spectrum Brands Holdings, Inc.",cberridgekl@ft.com,Outdoors,$79813419.16,26-2-2009,United Kingdom
743,"Diversified Restaurant Holdings, Inc.",esilcockkm@ftc.gov,Tools,$36287030.10,15-4-1996,South Africa
744,"Virtus Investment Partners, Inc.",,Industrial,$78841702.97,26-6-1986,United Kingdom
745,"PriceSmart, Inc.",hgreggko@unesco.org,Music,$89267741.77,17-9-2010,South Africa
746,ENSCO plc,,Garden,$55764949.12,17-4-2004,United Kingdom
747,"Condor Hospitality Trust, Inc.",,Computers,$43321261.30,16-5-2006,United States
748,Anadarko Petroleum Corporation,,Electronics,$95913702.74,1-8-2011,United Kingdom
749,iStar Financial Inc.,mninehamks@nasa.gov,Industrial,$59970792.30,4-12-1992,United States
750,"Blackrock MuniYield New York Quality Fund, Inc.",dgravestonekt@businessweek.com,Shoes,$37590873.26,26-8-1993,United States
751,Marvell Technology Group Ltd.,,Jewelry,$43926351.88,13-7-1997,South Africa
752,"Ollie's Bargain Outlet Holdings, Inc.",,,$1062786.57,3-6-2005,United Kingdom
753,Invesco Value Municipal Income Trust,,Games,$95952222.53,24-9-2011,United Kingdom
754,"CareTrust REIT, Inc.",sjessekx@freewebs.com,Clothing,$46711430.57,4-3-2009,United Kingdom
755,Hunter Maritime Acquisition Corp.,,Movies,$14817758.97,19-9-1989,South Africa
756,Pioneer Municipal High Income Advantage Trust,bhewskz@desdev.cn,Clothing,$14856458.87,24-1-2004,United Kingdom
757,Japan Smaller Capitalization Fund Inc,,Jewelry,$62509237.79,1-11-2008,South Africa
758,Brookfield DTLA Inc.,,Books,$48643383.86,6-3-1992,United Kingdom
759,SuperValu Inc.,lslingerl2@cmu.edu,Automotive,$20227930.31,10-9-1992,United Kingdom
760,"Mirna Therapeutics, Inc.",cmingardil3@51.la,Home,$11102754.20,18-5-2000,United Kingdom
761,"HFF, Inc.",,Jewelry,$90712718.79,20-1-1989,Unknown
762,"American Assets Trust, Inc.",,Automotive,$43874166.12,15-10-2010,South Africa
763,First Defiance Financial Corp.,crattenberiel6@naver.com,Jewelry,$8562252.28,1-1-1994,United Kingdom
764,"Gray Television, Inc.",mbasleyl7@google.it,Kids,$22964457.22,2-6-2007,United Kingdom
765,Capstone Turbine Corporation,,Movies,$52123720.89,11-4-2003,United Kingdom
766,"Renewable Energy Group, Inc.",,Home,$56511782.99,2-8-2008,United Kingdom
767,"Casella Waste Systems, Inc.",smeaseyla@go.com,Toys,$42218476.03,20-9-2005,United Kingdom
768,"Alliance HealthCare Services, Inc.",,Baby,$20425617.85,6-9-2007,United States
769,PHH Corp,,Jewelry,$78702705.62,17-8-1996,United States
770,Pacific Gas & Electric Co.,fbratleyld@surveymonkey.com,Games,$6074859.64,22-10-2010,United States
771,"Agile Therapeutics, Inc.",,Games,$7908579.10,16-9-2005,South Africa
772,"Entergy Arkansas, Inc.",,Grocery,$24640281.51,3-9-1997,United Kingdom
773,"Tableau Software, Inc.",odowninglg@cyberchimps.com,Music,$35228140.59,8-12-2008,United States
774,Brookdale Senior Living Inc.,socaheylh@samsung.com,Automotive,$99022207.16,6-7-2008,South Africa
775,"Envestnet, Inc",,Shoes,$79520836.08,18-3-1997,Unknown
776,Blackrock MuniHoldings Investment Quality Fund,,Industrial,$36096970.03,10-5-2004,United States
777,"DexCom, Inc.",,Electronics,$37377635.10,8-2-2006,United Kingdom
778,"Zillow Group, Inc.",,Baby,$47343392.78,3-8-2008,United States
779,Southwest Airlines Company,,Clothing,$78370675.74,13-2-2008,United Kingdom
780,"Stanley Black & Decker, Inc.",,Computers,$29454136.02,24-5-2002,United Kingdom
781,"Celestica, Inc.",dtrounsonlo@gmpg.org,Computers,$77233435.61,17-3-2000,Unknown
782,"ARCA biopharma, Inc.",,Industrial,$82240007.13,7-11-2011,South Africa
783,Credit Acceptance Corporation,,Beauty,$46339166.67,25-10-2005,South Africa
784,"SeaWorld Entertainment, Inc.",,,$2997021.50,18-12-2004,South Africa
785,"Sarepta Therapeutics, Inc.",,Industrial,$62709294.29,19-5-1994,United Kingdom
786,Pangaea Logistics Solutions Ltd.,mbruynslt@quantcast.com,Games,$98693771.52,19-9-2012,South Africa
787,Cliffs Natural Resources Inc.,,Outdoors,$25272064.87,13-6-2006,South Africa
788,Entercom Communications Corporation,,Books,$38844928.21,26-2-2001,Unknown
789,"WEC Energy Group, Inc.",,Electronics,$24658346.57,19-4-1995,United Kingdom
790,"Soligenix, Inc.",,Toys,$72494038.16,18-3-2006,South Africa
791,"SPAR Group, Inc.",bhallworthly@yale.edu,Industrial,$7119883.41,15-10-1995,United States
792,"BioScrip, Inc.",,Games,$45314784.35,17-2-2006,Unknown
793,"American International Group, Inc.",kfrancombm0@vimeo.com,Garden,$98520129.42,25-12-2009,South Africa
794,Kennametal Inc.,dfelminghamm1@blogtalkradio.com,Beauty,$10478683.48,22-4-2004,United States
795,Nevro Corp.,omcgeachiem2@army.mil,Books,$19528401.77,3-2-2002,South Africa
796,Pebblebrook Hotel Trust,mrobinsm3@bing.com,Garden,$56297093.64,5-11-2008,South Africa
797,"People's United Financial, Inc.",rbeezem4@pbs.org,Jewelry,$61793929.23,4-6-1995,United States
798,"WellCare Health Plans, Inc.",fkermonm5@wix.com,Kids,$19049790.02,2-8-2011,South Africa
799,The KEYW Holding Corporation,killesm6@g.co,Automotive,$37109506.61,21-1-2000,United Kingdom
800,RiceBran Technologies,,Books,$16868455.59,6-1-2011,United Kingdom
801,"Fortinet, Inc.",pguilbertm8@soundcloud.com,,$87372405.33,12-5-2004,United States
802,"Customers Bancorp, Inc",cgrimmettm9@yelp.com,Shoes,$50596344.59,19-8-1994,South Africa
803,FlexShares Disciplined Duration MBS Index Fund,,Books,$8617875.58,4-7-1962,United Kingdom
804,Tower Semiconductor Ltd.,,Garden,$16387895.57,14-1-2007,United States
805,Ryerson Holding Corporation,,Health,$25279490.42,15-3-2009,United Kingdom
806,Liberty Global plc,cduhigmd@lulu.com,Health,$37284034.47,4-1-2002,United States
807,Dreyfus High Yield Strategies Fund,,Baby,$61602068.75,10-6-2005,South Africa
808,Nuveen High Income December 2019 Target Term Fund,jkalfmf@ask.com,Computers,$33522350.57,5-1-2007,United Kingdom
809,National General Holdings Corp,,Toys,$20451446.03,10-11-1992,Unknown
810,Banco De Chile,,Toys,$35917536.80,16-1-2005,United States
811,First Trust NASDAQ ABA Community Bank Index Fund,rcoushemi@wordpress.com,Books,$30480384.57,4-7-1993,United Kingdom
812,Fox Factory Holding Corp.,hcapsmj@theatlantic.com,Automotive,$9063314.32,24-7-1989,United Kingdom
813,Eaton Vance Tax Advantaged Dividend Income Fund,kfessiermk@nhs.uk,Computers,$98548739.33,22-7-1988,South Africa
814,"NeoGenomics, Inc.",,Outdoors,$90358848.11,5-8-2010,South Africa
815,MagneGas Corporation,,Sports,$47101211.98,6-5-1996,South Africa
816,VictoryShares US 500 Enhanced Volatility Wtd ETF,,Home,$21854405.85,16-10-1997,Unknown
817,"Customers Bancorp, Inc",,Music,$8621840.18,21-8-2002,United Kingdom
818,"Home BancShares, Inc.",,Tools,$36541652.67,19-12-1999,South Africa
819,"Boot Barn Holdings, Inc.",,Grocery,$87443572.13,8-5-2006,United Kingdom
820,Graham Holdings Company,,Toys,$52330938.92,16-1-2003,South Africa
821,Cowen Inc.,,Tools,$90794082.06,14-11-1996,United Kingdom
822,TransCanada Corporation,,Computers,$82176832.18,12-7-1988,United Kingdom
823,The Long-Term Care ETF,jnornasellmu@mail.ru,Jewelry,$95597268.79,26-2-2007,United Kingdom
824,"Redwood Trust, Inc.",,Games,$10279696.82,21-6-1995,United Kingdom
825,Kitov Pharmaceuticals Holdings Ltd.,gseintmw@virginia.edu,Books,$81363835.71,9-10-2000,United States
826,Ivy NextShares,,Computers,$84694999.50,26-11-1995,South Africa
827,"Stericycle, Inc.",wburstowemy@ehow.com,Shoes,$7145746.41,11-8-1994,South Africa
828,"Chegg, Inc.",tclabburnmz@jimdo.com,Music,$71710870.09,2-8-1992,United Kingdom
829,Fang Holdings Limited,,Computers,$99839682.86,24-8-2013,United States
830,"HD Supply Holdings, Inc.",,Industrial,$26512773.71,11-10-2011,United States
831,Annaly Capital Management Inc,iastletn2@statcounter.com,Clothing,$84407619.26,16-5-1992,United Kingdom
832,Huntington Bancshares Incorporated,tgallehockn3@mapy.cz,Computers,$86889899.34,1-11-2001,United Kingdom
833,"Agile Therapeutics, Inc.",,Clothing,$80558042.49,15-1-2008,South Africa
834,BlackRock Science and Technology Trust,,Automotive,$30967753.53,17-9-2004,South Africa
835,Brookfield Business Partners L.P.,,Shoes,$57154762.08,16-7-1992,South Africa
836,"Ebix, Inc.",rwittmann7@google.de,Movies,$24805949.63,23-9-2004,United Kingdom
837,Urstadt Biddle Properties Inc.,,Kids,$66870766.40,23-6-1998,United Kingdom
838,Modine Manufacturing Company,,Baby,$37787402.65,14-2-1986,United Kingdom
839,"Internationa Flavors & Fragrances, Inc.",ejulianona@geocities.com,Baby,$43089084.58,21-3-1992,United Kingdom
840,"PGT Innovations, Inc.",,Games,$91890177.81,12-7-1993,United States
841,"Pathfinder Bancorp, Inc.",,Shoes,$67128133.06,16-5-1985,United Kingdom
842,M&T Bank Corporation,,Electronics,$43507555.99,14-12-2001,South Africa
843,"Boston Private Financial Holdings, Inc.",,Kids,$75580277.41,13-6-1999,United Kingdom
844,"Cempra, Inc.",ohandleynf@people.com.cn,Industrial,$33686021.75,16-5-2004,Unknown
845,"Western Asset Municipal High Income Fund, Inc.",,Sports,$38305570.66,13-9-2002,United Kingdom
846,"Perficient, Inc.",mcapounnh@boston.com,Baby,$2069405.71,25-7-1990,United Kingdom
847,"Gibraltar Industries, Inc.",slidgettni@constantcontact.com,Books,$11233250.87,3-9-1984,United Kingdom
848,"Ecology and Environment, Inc.",,Tools,$62811197.67,6-3-2013,United States
849,Walter Investment Management Corp.,,Health,$2870349.69,20-2-2009,South Africa
850,WSFS Financial Corporation,,Baby,$85275176.03,12-6-1964,South Africa
851,Sun Hydraulics Corporation,ypadgettnm@washingtonpost.com,Electronics,$2167762.15,25-2-2013,United Kingdom
852,Ares Commercial Real Estate Corporation,acapstakenn@rambler.ru,Tools,$50910665.83,1-11-1996,United Kingdom
853,Jupai Holdings Limited,,Automotive,$79610638.39,22-9-2001,Unknown
854,Resource Capital Corp.,hdonnellynp@ameblo.jp,Movies,$46939263.57,3-11-2004,United Kingdom
855,"AngioDynamics, Inc.",ekynetonnq@state.gov,Jewelry,$58816620.18,9-12-1978,United States
856,Companhia Brasileira de Distribuicao,,Home,$8619057.96,19-6-2000,Unknown
857,"Allied Motion Technologies, Inc.",,Industrial,$56599857.91,11-12-2012,United Kingdom
858,VEON Ltd.,,Electronics,$8086375.47,24-8-2011,United Kingdom
859,"Genius Brands International, Inc.",,Games,$80056380.55,13-11-1991,United Kingdom
860,eGain Corporation,tpimnv@etsy.com,Automotive,$42844537.59,5-11-1991,United Kingdom
861,Netshoes (Cayman) Limited,,Jewelry,$84702518.02,14-7-2007,South Africa
862,"Accelerate Diagnostics, Inc.",,Kids,$30249625.57,24-12-2009,South Africa
863,"Allison Transmission Holdings, Inc.",lleallny@google.pl,Computers,$58161542.98,14-2-2003,United Kingdom
864,Capella Education Company,rkollatschnz@bigcartel.com,Games,$85318448.37,2-8-2006,United States
865,BB&T Corporation,,Movies,$88373894.77,21-11-2012,United Kingdom
866,PowerShares Global Water Portfolio,,Jewelry,$7725202.06,21-3-2009,Unknown
867,ESCO Technologies Inc.,,Automotive,$45708735.35,11-5-1997,United States
868,Global Medical REIT Inc.,,Games,$50905772.39,12-3-1999,South Africa
869,PowerShares High Yield Equity Dividend Achievers Portfolio,,Toys,$63591607.04,14-4-2001,United States
870,WisdomTree United Kingdom Hedged Equity Fund,mrubino5@webeden.co.uk,Outdoors,$40577871.09,1-1-2001,United States
871,First Trust NASDAQ-100 Equal Weighted Index Fund,,Home,$59528015.21,23-11-1985,South Africa
872,"Barracuda Networks, Inc.",,Books,$83845157.78,17-8-2011,United States
873,First Horizon National Corporation,iparkmano8@harvard.edu,Jewelry,$66247587.06,11-5-1990,United Kingdom
874,"Oxford Industries, Inc.",awapolo9@dmoz.org,Electronics,$19080453.16,4-11-2008,South Africa
875,"Applied Materials, Inc.",,Garden,$8289004.05,17-8-1994,United Kingdom
876,"Buffalo Wild Wings, Inc.",,Industrial,$41163519.83,22-7-2006,South Africa
877,NASDAQ TEST STOCK,estronackoc@macromedia.com,Computers,$22938067.19,7-12-2006,United Kingdom
878,"WesBanco, Inc.",,Garden,$29867121.76,25-2-2005,United States
879,"Internationa Flavors & Fragrances, Inc.",lkirimaaoe@globo.com,Garden,$19690011.78,27-7-2010,Unknown
880,"Editas Medicine, Inc.",,Home,$79700536.09,23-3-2006,South Africa
881,Vanda Pharmaceuticals Inc.,,Toys,$2685552.63,20-6-2002,United Kingdom
882,Cemex S.A.B. de C.V.,whavileoh@latimes.com,Computers,$4886897.16,24-2-2004,South Africa
883,"SB Financial Group, Inc.",kjoyesoi@marriott.com,Clothing,$14820770.23,25-5-2008,United Kingdom
884,Axis Capital Holdings Limited,,Clothing,$66180224.12,5-10-2006,United States
885,"Athenex, Inc.",kdodgshunok@wikispaces.com,Outdoors,$10072289.15,4-8-1995,United States
886,Teekay Offshore Partners L.P.,,Music,$70790495.51,23-9-2006,United States
887,The Charles Schwab Corporation,,Music,$88661892.41,7-3-1992,United States
888,Genpact Limited,,Health,$44130597.96,26-5-2010,United Kingdom
889,Canterbury Park Holding Corporation,,Health,$594919.47,19-12-2006,United Kingdom
890,Unifirst Corporation,gmagarrellop@fc2.com,Baby,$35467894.72,14-12-2011,United Kingdom
891,"Wheeler Real Estate Investment Trust, Inc.",oghionoq@globo.com,Electronics,$48990431.01,2-7-2003,United States
892,Cemtrex Inc.,nfewlessor@who.int,Shoes,$48242511.52,15-7-2004,United Kingdom
893,Ardmore Shipping Corporation,dmartinoos@quantcast.com,Books,$56699632.02,5-7-2006,United Kingdom
894,Balchem Corporation,,Tools,$25912894.90,13-6-1998,South Africa
895,eHi Car Services Limited,,Grocery,$19577459.55,13-6-2009,United Kingdom
896,"Banc of California, Inc.",,Garden,$57583804.17,13-8-2011,United States
897,First Merchants Corporation,,Electronics,$78260728.82,11-6-1996,South Africa
898,NewMarket Corporation,,Home,$86234780.94,4-5-2012,United States
899,ArcBest Corporation,,Books,$64138199.24,10-10-1998,United States
900,Invesco California Value Municipal Income Trust,deverilloz@wikia.com,Tools,$40883544.86,4-6-1998,United States
901,"MyoKardia, Inc.",,Sports,$92024210.87,19-5-2008,United Kingdom
902,"Hologic, Inc.",pwesternp1@wunderground.com,Computers,$65427946.62,13-10-1994,United Kingdom
903,"Key Energy Services, Inc.",atreacyp2@tripadvisor.com,Books,$51804656.37,19-4-1989,United Kingdom
904,Axar Acquisition Corp.,dazemap3@acquirethisname.com,Shoes,$28517380.03,9-4-2005,United States
905,Invesco California Value Municipal Income Trust,sbelfordp4@edublogs.org,Tools,$56984391.11,26-12-1997,Unknown
906,"Wesco Aircraft Holdings, Inc.",,Automotive,$38251338.31,19-2-2010,Unknown
907,Noble Energy Inc.,,Health,$26292623.93,4-5-2006,United Kingdom
908,Western Asset Mortgage Capital Corporation,yfredip7@ycombinator.com,Tools,$42586190.10,27-6-1961,United Kingdom
909,Alphabet Inc.,gcoveyp8@cyberchimps.com,Toys,$24938992.30,25-6-2009,South Africa
910,Hecla Mining Company,mtheodorisp9@upenn.edu,Clothing,$12029179.81,22-11-2002,United Kingdom
911,Ares Management L.P.,,Tools,$53572781.98,5-5-2006,United Kingdom
912,"Amphastar Pharmaceuticals, Inc.",,Clothing,$57608397.74,6-1-2005,Unknown
913,"Colony NorthStar, Inc.",rgosforthpc@infoseek.co.jp,Automotive,$60378509.39,12-5-2006,United States
914,Nokia Corporation,philandpd@wufoo.com,Baby,$55949788.90,10-2-1993,United Kingdom
915,Aramark,,Clothing,$62236669.52,1-12-2013,South Africa
916,"Revlon, Inc.",,Movies,$52326577.20,1-4-2005,United Kingdom
917,Grupo Financiero Santander Mexico S.A. B. de C.V.,,Games,$88403182.55,22-8-1993,United Kingdom
918,L.S. Starrett Company (The),,Jewelry,$67316538.63,1-5-2005,United Kingdom
919,Universal Technical Institute Inc,lmacscheriepi@about.com,Beauty,$96889582.31,9-3-1991,United Kingdom
920,"Dorchester Minerals, L.P.",,Home,$20255731.46,10-10-1994,South Africa
921,"China Lodging Group, Limited",,Sports,$70778854.36,17-5-2009,South Africa
922,Chesapeake Energy Corporation,,Kids,$78314662.05,2-12-2009,United Kingdom
923,First Trust Rising Dividend Achievers ETF,adinckepm@vistaprint.com,Garden,$38848600.00,20-9-2011,South Africa
924,"Endurance International Group Holdings, Inc.",,Shoes,$75414900.91,15-9-2001,Unknown
925,KB Financial Group Inc,,Kids,$97943564.09,16-10-2000,United Kingdom
926,SVB Financial Group,,Automotive,$79276228.33,15-4-1988,United Kingdom
927,Penn West Petroleum Ltd,kdickenpq@networkadvertising.org,Health,$36421278.80,8-5-2010,South Africa
928,PAR Technology Corporation,bcrewdsonpr@ameblo.jp,Garden,$97576318.53,23-6-2007,United Kingdom
929,BioAmber Inc.,kughettips@blogs.com,Outdoors,$18644416.54,4-4-2011,Unknown
930,INVESCO MORTGAGE CAPITAL INC,,Sports,$18507424.22,1-2-1985,United States
931,"Genesis Healthcare, Inc.",imarrowspu@senate.gov,Automotive,$71879754.85,18-7-2008,United Kingdom
932,Euronav NV,bfaillpv@mac.com,Books,$40478280.83,18-10-2006,United Kingdom
933,Hillenbrand Inc,,Computers,$5268921.08,5-4-1995,United States
934,Royal Bank Of Canada,oribeiropx@examiner.com,Outdoors,$72547027.00,5-11-1989,United Kingdom
935,"TriNet Group, Inc.",fkalaherpy@51.la,Grocery,$6318945.83,1-12-1999,United Kingdom
936,"China Ceramics Co., Ltd.",rbarfittpz@altervista.org,Movies,$4803166.00,27-10-1995,South Africa
937,DISH Network Corporation,,Books,$2248202.22,20-7-1994,United States
938,"Asta Funding, Inc.",jdrydaleq1@ifeng.com,Clothing,$28738247.73,12-3-2001,United States
939,"Four Corners Property Trust, Inc.",,Baby,$75133751.69,17-2-2007,United States
940,Constellium N.V.,,Books,$5784812.45,19-4-2001,United States
941,Western Asset Corporate Loan Fund Inc,gsimoneschiq4@altervista.org,Jewelry,$59720516.56,5-1-1989,United States
942,Unisys Corporation,,Clothing,$92831512.55,27-3-1989,South Africa
943,Adaptimmune Therapeutics plc,,Games,$24997117.64,10-7-1994,United Kingdom
944,AC Immune SA,pcrostonq7@nydailynews.com,Electronics,$18353129.33,24-10-2008,United States
945,Insulet Corporation,dbatemanq8@hao123.com,Health,$91245535.42,23-4-1996,United States
946,First Trust NASDAQ Cybersecurity ETF,gmcmeekanq9@1688.com,Movies,$31234980.51,16-5-1992,United Kingdom
947,The Gabelli Healthcare & Wellness Trust,,Kids,$84916025.73,23-10-2006,South Africa
948,"Blackbaud, Inc.",,Garden,$87768385.58,9-4-2012,United States
949,Immuron Limited,rfilyakovqc@google.co.jp,Home,$46266654.63,4-5-1998,Unknown
950,M&T Bank Corporation,,Health,$62088139.09,23-3-1997,South Africa
951,Axalta Coating Systems Ltd.,,Industrial,$34307127.67,16-9-1997,United Kingdom
952,MGM Growth Properties LLC,,Automotive,$511910.48,16-5-2005,Unknown
953,Diana Shipping inc.,,Beauty,$33214994.31,15-11-1992,United States
954,"Monarch Casino & Resort, Inc.",,Computers,$19720283.75,17-3-1997,Unknown
955,"Just Energy Group, Inc.",hchaplainqi@live.com,Jewelry,$33829146.25,14-12-2002,United Kingdom
956,Enerplus Corporation,kdaffeyqj@wisc.edu,Kids,$46442967.53,26-9-1985,South Africa
957,Cross Timbers Royalty Trust,,Health,$82730395.57,19-9-2013,South Africa
958,"Triumph Bancorp, Inc.",ndineenql@altervista.org,Kids,$30435107.97,25-9-1995,South Africa
959,Public Storage,dmiguelqm@ftc.gov,Tools,$43107142.95,7-2-2000,United Kingdom
960,Medley Capital Corporation,agautreyqn@independent.co.uk,Industrial,$5866408.64,4-10-1995,United Kingdom
961,Itau Unibanco Banco Holding SA,,Industrial,$37805142.58,12-8-2008,United Kingdom
962,"Computer Task Group, Incorporated",,,$810455.00,4-4-2004,South Africa
963,Vanguard Russell 3000 ETF,,Home,$71626580.47,24-4-1997,United Kingdom
964,Entravision Communications Corporation,ltookeqr@about.com,Sports,$20491447.35,22-1-1996,South Africa
965,Euroseas Ltd.,,Grocery,$18410035.31,7-3-1986,South Africa
966,V.F. Corporation,dbeverqt@boston.com,Garden,$94589469.71,9-5-2012,United Kingdom
967,"Monster Digital, Inc.",kwalfordqu@paginegialle.it,Kids,$38214822.97,10-9-1993,United Kingdom
968,Sequans Communications S.A.,,Clothing,$66342182.74,16-12-1992,South Africa
969,Seaspan Corporation,,Movies,$61399292.21,2-4-1993,United Kingdom
970,"MMA Capital Management, LLC",melfeqx@accuweather.com,Movies,$57032169.88,20-11-2010,United Kingdom
971,"The Hackett Group, Inc.",gsellickqy@cocolog-nifty.com,Shoes,$22834254.24,8-4-2003,United Kingdom
972,"Donaldson Company, Inc.",tarnholtzqz@bizjournals.com,Industrial,$50251927.87,4-11-2003,United States
973,Trimble Inc.,,Beauty,$20782867.80,2-3-2008,Unknown
974,Griffon Corporation,,Music,$58685748.45,24-8-1994,United Kingdom
975,Seaspan Corporation,,Tools,$50810681.98,24-10-2002,United Kingdom
976,Virtus Global Multi-Sector Income Fund,ebrunir3@gizmodo.com,Automotive,$14984168.34,24-2-2003,Unknown
977,SL Green Realty Corporation,efairbracer4@linkedin.com,Kids,$5502901.46,2-9-1991,United Kingdom
978,"TJX Companies, Inc. (The)",,Movies,$99948228.44,3-4-2000,United Kingdom
979,iStar Financial Inc.,,Beauty,$59749857.85,27-9-2012,United Kingdom
980,Yamana Gold Inc.,,Books,$76839730.60,9-6-1993,United Kingdom
981,Enbridge Energy Management LLC,,Tools,$35505179.38,27-11-1998,United Kingdom
982,"American International Group, Inc.",,Outdoors,$64794322.43,5-6-2009,United Kingdom
983,"Axon Enterprise, Inc.",,Jewelry,$73882233.87,16-1-1993,United Kingdom
984,"Medical Properties Trust, Inc.",,Home,$54576288.61,11-12-2007,United Kingdom
985,"support.com, Inc.",,Computers,$90719040.97,19-7-2006,South Africa
986,"Mota Group, Inc.",,Baby,$81671749.32,4-7-1996,United Kingdom
987,"Shake Shack, Inc.",,Kids,$60853987.50,23-8-1992,United Kingdom
988,"Ares Dynamic Credit Allocation Fund, Inc.",fbrocklebankrf@sitemeter.com,Health,$34762898.80,15-12-1989,South Africa
989,Univest Corporation of Pennsylvania,,Clothing,$65563062.59,19-4-1999,United States
990,Madison Covered Call & Equity Strategy Fund,nbaikerh@list-manage.com,Electronics,$85704421.13,16-7-1993,United Kingdom
991,Central Garden & Pet Company,,Sports,$76435564.22,14-2-2012,United Kingdom
992,"Atlantic Capital Bancshares, Inc.",mgribbellrj@symantec.com,Clothing,$83355366.27,13-4-2001,South Africa
993,"United Natural Foods, Inc.",,Books,$71241644.37,9-9-2009,United States
994,Monotype Imaging Holdings Inc.,,Outdoors,$57381486.35,20-2-1999,United Kingdom
995,"James River Group Holdings, Ltd.",,Electronics,$99210254.05,22-4-2005,Unknown
996,Columbia Sportswear Company,cschooleyrn@sohu.com,Automotive,$52593924.99,7-10-2005,South Africa
997,WisdomTree Interest Rate Hedged High Yield Bond Fund,,Electronics,$60473676.46,19-12-1990,United States
998,Tortoise Energy Infrastructure Corporation,cbeardshallrp@ow.ly,Health,$1697293.64,25-4-2009,United States
999,Qwest Corporation,,Beauty,$30091863.73,13-1-2011,United Kingdom
1000,SLM Corporation,,Kids,$66106336.48,1-12-2011,United Kingdom
